trial,policy,num_robots,num_targets,risk_mode,total_distance,mean_distance,total_risk,mean_risk,max_risk,total_cost
0,uniform_risk,3,6,clustered_high,7.549088319349606,2.5163627731165352,0.7333270198739759,0.24444233995799194,0.40290962591640395,9.015742359097557
0,explorer_monitor,3,6,clustered_high,7.549088319349606,2.5163627731165352,0.7333270198739759,0.24444233995799194,0.40290962591640395,8.768312232992935
0,all_conservative,3,6,clustered_high,8.441290820634581,2.8137636068781937,0.5413783038002071,0.18045943460006905,0.2526776440516812,11.689560643435824
1,uniform_risk,3,6,mixed,2.0833278128557793,0.6944426042852597,1.6917211346940964,0.5639070448980321,0.8617069003107772,5.466770082243972
1,explorer_monitor,3,6,mixed,4.7331586849498235,1.577719561649941,0.8758386180389813,0.29194620601299376,0.552040631273227,6.0244440570658835
1,all_conservative,3,6,mixed,5.6855294289241165,1.8951764763080388,0.6776569918525167,0.2258856639508389,0.552040631273227,9.751471380039217
2,uniform_risk,3,6,clustered_high,8.269693553301005,2.7565645177670017,0.8401254794958184,0.28004182649860615,0.4714548571675272,9.949944512292642
2,explorer_monitor,3,6,clustered_high,8.269693553301005,2.7565645177670017,0.8401254794958184,0.28004182649860615,0.4714548571675272,10.118102594312752
2,all_conservative,3,6,clustered_high,9.512159258474608,3.170719752824869,0.5263971463578321,0.1754657154526107,0.1897277208788239,12.670542136621599
3,uniform_risk,3,6,mixed,13.720230085249938,4.573410028416646,1.4262732684263817,0.4754244228087939,0.9975376064951103,16.5727766221027
3,explorer_monitor,3,6,mixed,13.770872764412427,4.590290921470809,1.4262732684263817,0.4754244228087939,0.9975376064951103,16.336032765608124
3,all_conservative,3,6,mixed,14.79168443401619,4.930561478005397,0.9901037960944221,0.3300345986981407,0.5613681341631508,20.73230721058272
4,uniform_risk,3,6,clustered_high,7.083060147932936,2.3610200493109788,0.6698153753564224,0.22327179178547416,0.42775068391577725,8.422690898645781
4,explorer_monitor,3,6,clustered_high,7.083060147932936,2.3610200493109788,0.6698153753564224,0.22327179178547416,0.42775068391577725,8.448604028000332
4,all_conservative,3,6,clustered_high,7.083060147932936,2.3610200493109788,0.6698153753564224,0.22327179178547416,0.42775068391577725,11.101952400071472
5,uniform_risk,3,6,mixed,12.00979276484592,4.003264254948641,0.9041807838192979,0.3013935946064326,0.7606021652572316,13.818154332484518
5,explorer_monitor,3,6,mixed,12.00979276484592,4.003264254948641,0.9041807838192979,0.3013935946064326,0.7606021652572316,15.253705210931102
5,all_conservative,3,6,mixed,12.00979276484592,4.003264254948641,0.9041807838192979,0.3013935946064326,0.7606021652572316,17.43487746776171
6,uniform_risk,3,6,clustered_high,5.267573039416361,1.7558576798054537,0.5618949239622075,0.18729830798740252,0.3344888891481403,6.391362887340777
6,explorer_monitor,3,6,clustered_high,5.267573039416361,1.7558576798054537,0.5618949239622075,0.18729830798740252,0.3344888891481403,6.947991997121279
6,all_conservative,3,6,clustered_high,5.267573039416361,1.7558576798054537,0.5618949239622075,0.18729830798740252,0.3344888891481403,8.638942583189605
7,uniform_risk,3,6,mixed,9.883468377582957,3.294489459194319,0.8080566585027151,0.26935221950090504,0.33930260539496315,11.499581694588388
7,explorer_monitor,3,6,mixed,9.883468377582957,3.294489459194319,0.8080566585027151,0.26935221950090504,0.33930260539496315,11.717369378527305
7,all_conservative,3,6,mixed,9.883468377582957,3.294489459194319,0.8080566585027151,0.26935221950090504,0.33930260539496315,14.731808328599248
8,uniform_risk,3,6,clustered_high,4.136127850509156,1.3787092835030519,0.9257356746906549,0.3085785582302183,0.4977113447463569,5.987599199890466
8,explorer_monitor,3,6,clustered_high,4.136127850509156,1.3787092835030519,0.9257356746906549,0.3085785582302183,0.4977113447463569,6.161135308770346
8,all_conservative,3,6,clustered_high,4.136127850509156,1.3787092835030519,0.9257356746906549,0.3085785582302183,0.4977113447463569,9.690541898653084
9,uniform_risk,3,6,mixed,6.188130353659954,2.062710117886651,1.800172479085206,0.6000574930284021,0.8902873141294375,9.788475311830366
9,explorer_monitor,3,6,mixed,6.188130353659954,2.062710117886651,1.800172479085206,0.6000574930284021,0.8902873141294375,11.436749823019454
9,all_conservative,3,6,mixed,7.360950251666112,2.453650083888704,1.5292666752878716,0.5097555584292905,0.8527198920482854,16.53655030339334
10,uniform_risk,3,6,clustered_high,8.07748424201464,2.692494747338213,1.2755044187504265,0.4251681395834755,0.4992272204272212,10.628493079515493
10,explorer_monitor,3,6,clustered_high,8.07748424201464,2.692494747338213,1.2755044187504265,0.4251681395834755,0.4992272204272212,11.29110240888995
10,all_conservative,3,6,clustered_high,8.726998229423646,2.908999409807882,1.1522094445304065,0.38406981484346886,0.44043208684321977,15.640254896606086
11,uniform_risk,3,6,mixed,7.409952374807391,2.469984124935797,0.41132445045928856,0.1371081501530962,0.20359731232745293,8.232601275725969
11,explorer_monitor,3,6,mixed,7.409952374807391,2.469984124935797,0.41132445045928856,0.1371081501530962,0.20359731232745293,8.37116014885144
11,all_conservative,3,6,mixed,7.409952374807391,2.469984124935797,0.41132445045928856,0.1371081501530962,0.20359731232745293,9.877899077563121
12,uniform_risk,3,6,clustered_high,8.427543425093427,2.809181141697809,0.7503287203458378,0.25010957344861257,0.39806115244402085,9.9282008657851
12,explorer_monitor,3,6,clustered_high,8.768841880605242,2.922947293535081,0.7503287203458378,0.25010957344861257,0.39806115244402085,10.10840003231831
12,all_conservative,3,6,clustered_high,8.427543425093427,2.809181141697809,0.7503287203458378,0.25010957344861257,0.39806115244402085,12.929515747168452
13,uniform_risk,3,6,mixed,11.55015519662428,3.8500517322080934,1.9836240054571792,0.6612080018190597,0.8640640283752794,15.517403207538639
13,explorer_monitor,3,6,mixed,11.55015519662428,3.8500517322080934,1.9836240054571792,0.6612080018190597,0.8640640283752794,15.394399634296024
13,all_conservative,3,6,mixed,11.55015519662428,3.8500517322080934,1.9836240054571792,0.6612080018190597,0.8640640283752794,23.451899229367356
14,uniform_risk,3,6,clustered_high,7.230289683107376,2.410096561035792,1.0323846773138294,0.3441282257712765,0.49057484359913006,9.295059037735035
14,explorer_monitor,3,6,clustered_high,7.230289683107376,2.410096561035792,1.0323846773138294,0.3441282257712765,0.49057484359913006,10.197050677662668
14,all_conservative,3,6,clustered_high,7.956164027701242,2.652054675900414,0.7590917129970215,0.25303057099900716,0.48126715788077773,12.510714305683372
15,uniform_risk,3,6,mixed,6.938631144064785,2.312877048021595,1.0853427491447392,0.3617809163815797,0.7194299991448455,9.109316642354262
15,explorer_monitor,3,6,mixed,6.938631144064785,2.312877048021595,1.0853427491447392,0.3617809163815797,0.7194299991448455,8.393269199646676
15,all_conservative,3,6,mixed,8.232028984741687,2.7440096615805625,0.7743056586191105,0.25810188620637015,0.40839290861921684,12.877862936456351
16,uniform_risk,3,6,clustered_high,5.69952601314672,1.89984200438224,0.6630584038880992,0.22101946796269975,0.29848169843594086,7.0256428209229185
16,explorer_monitor,3,6,clustered_high,5.69952601314672,1.89984200438224,0.6630584038880992,0.22101946796269975,0.29848169843594086,7.515755517300251
16,all_conservative,3,6,clustered_high,5.69952601314672,1.89984200438224,0.6630584038880992,0.22101946796269975,0.29848169843594086,9.677876436475316
17,uniform_risk,3,6,mixed,6.8147285414732055,2.2715761804910684,0.7419588627057421,0.24731962090191403,0.4251461939427341,8.298646266884688
17,explorer_monitor,3,6,mixed,6.8147285414732055,2.2715761804910684,0.7419588627057421,0.24731962090191403,0.4251461939427341,8.904954215191719
17,all_conservative,3,6,mixed,6.8147285414732055,2.2715761804910684,0.7419588627057421,0.24731962090191403,0.4251461939427341,11.26648171770766
18,uniform_risk,3,6,clustered_high,8.904455259603793,2.9681517532012642,0.9318884269514421,0.3106294756504807,0.33378886629317656,10.768232113506677
18,explorer_monitor,3,6,clustered_high,9.027254921798209,3.0090849739327363,0.9318884269514421,0.3106294756504807,0.33378886629317656,11.11578059394829
18,all_conservative,3,6,clustered_high,8.904455259603793,2.9681517532012642,0.9318884269514421,0.3106294756504807,0.33378886629317656,14.495785821312447
19,uniform_risk,3,6,mixed,5.535367791198049,1.8451225970660163,1.3083835714800491,0.4361278571600164,0.6939498122990523,8.152134934158148
19,explorer_monitor,3,6,mixed,5.535367791198049,1.8451225970660163,1.3083835714800491,0.4361278571600164,0.6939498122990523,9.333200169241842
19,all_conservative,3,6,mixed,5.535367791198049,1.8451225970660163,1.3083835714800491,0.4361278571600164,0.6939498122990523,13.385669220078345
20,uniform_risk,3,6,clustered_high,7.037257631215622,2.345752543738541,0.5236532923178652,0.1745510974392884,0.27306615486691954,8.084564215851351
20,explorer_monitor,3,6,clustered_high,7.037257631215622,2.345752543738541,0.5236532923178652,0.1745510974392884,0.27306615486691954,8.081544175205671
20,all_conservative,3,6,clustered_high,7.037257631215622,2.345752543738541,0.5236532923178652,0.1745510974392884,0.27306615486691954,10.179177385122813
21,uniform_risk,3,6,mixed,8.827050791787467,2.9423502639291557,1.6125372800993105,0.5375124266997702,0.8319242851552726,12.052125351986088
21,explorer_monitor,3,6,mixed,8.827050791787467,2.9423502639291557,1.6125372800993105,0.5375124266997702,0.8319242851552726,11.258967640930837
21,all_conservative,3,6,mixed,11.386391492756134,3.7954638309187114,1.1305733386642216,0.37685777955474054,0.7612297078940271,18.169831524741465
22,uniform_risk,3,6,clustered_high,6.469731477517972,2.1565771591726572,1.0098021937504609,0.3366007312501536,0.3575073525247342,8.489335865018894
22,explorer_monitor,3,6,clustered_high,6.469731477517972,2.1565771591726572,1.0098021937504609,0.3366007312501536,0.3575073525247342,8.865676926643157
22,all_conservative,3,6,clustered_high,6.469731477517972,2.1565771591726572,1.0098021937504609,0.3366007312501536,0.3575073525247342,12.528544640020737
23,uniform_risk,3,6,mixed,12.406065412135854,4.135355137378618,1.27547735650774,0.42515911883591334,0.8287073110024582,14.957020125151335
23,explorer_monitor,3,6,mixed,12.406065412135854,4.135355137378618,1.27547735650774,0.42515911883591334,0.8287073110024582,14.826866691578049
23,all_conservative,3,6,mixed,13.867401311660116,4.622467103886705,0.8751480587400262,0.29171601958000876,0.42837801323474445,19.118289664100274
24,uniform_risk,3,6,clustered_high,8.534710293225757,2.8449034310752523,1.0546739056954093,0.35155796856513644,0.39891617841404825,10.644058104616576
24,explorer_monitor,3,6,clustered_high,8.534710293225757,2.8449034310752523,1.0546739056954093,0.35155796856513644,0.39891617841404825,10.94632567653473
24,all_conservative,3,6,clustered_high,8.534710293225757,2.8449034310752523,1.0546739056954093,0.35155796856513644,0.39891617841404825,14.862753727398214
25,uniform_risk,3,6,mixed,3.779361934327221,1.259787311442407,0.9301813118305279,0.3100604372768426,0.5309219311457678,5.639724557988277
25,explorer_monitor,3,6,mixed,4.512017043416161,1.5040056811387201,0.7300506778806902,0.24335022596023007,0.33079129719593015,5.852019070156796
25,all_conservative,3,6,mixed,4.512017043416161,1.5040056811387201,0.7300506778806902,0.24335022596023007,0.33079129719593015,8.892321110700303
26,uniform_risk,3,6,clustered_high,5.330401402110393,1.776800467370131,0.6774531749537476,0.22581772498458252,0.2870321098131661,6.685307752017889
26,explorer_monitor,3,6,clustered_high,5.330401402110393,1.776800467370131,0.6774531749537476,0.22581772498458252,0.2870321098131661,6.95163460900333
26,all_conservative,3,6,clustered_high,5.330401402110393,1.776800467370131,0.6774531749537476,0.22581772498458252,0.2870321098131661,9.395120451832879
27,uniform_risk,3,6,mixed,6.0581127572540145,2.0193709190846714,1.083446420555475,0.361148806851825,0.8601666658261801,8.225005598364966
27,explorer_monitor,3,6,mixed,6.0581127572540145,2.0193709190846714,1.083446420555475,0.361148806851825,0.8601666658261801,7.513003273050064
27,all_conservative,3,6,mixed,6.0581127572540145,2.0193709190846714,1.083446420555475,0.361148806851825,0.8601666658261801,12.558791280586867
28,uniform_risk,3,6,clustered_high,10.68541350276077,3.561804500920257,1.3021869700924589,0.43406232336415296,0.6050165951173209,13.289787442945688
28,explorer_monitor,3,6,clustered_high,10.68541350276077,3.561804500920257,1.3021869700924589,0.43406232336415296,0.6050165951173209,14.156128173144708
28,all_conservative,3,6,clustered_high,12.033537409062808,4.0111791363542695,0.9862414896035262,0.3287471632011754,0.6050165951173209,17.950986346683965
29,uniform_risk,3,6,mixed,6.374909542663911,2.124969847554637,1.3200471288490219,0.4400157096163406,0.5692070493190924,9.015003800361955
29,explorer_monitor,3,6,mixed,6.374909542663911,2.124969847554637,1.3200471288490219,0.4400157096163406,0.5692070493190924,9.652945721882213
29,all_conservative,3,6,mixed,6.374909542663911,2.124969847554637,1.3200471288490219,0.4400157096163406,0.5692070493190924,14.295192315758042
30,uniform_risk,3,6,clustered_high,14.08682168334884,4.695607227782946,0.7064427026243495,0.23548090087478316,0.3350667547605927,15.499707088597539
30,explorer_monitor,3,6,clustered_high,14.08682168334884,4.695607227782946,0.7064427026243495,0.23548090087478316,0.3350667547605927,15.255882740130772
30,all_conservative,3,6,clustered_high,14.08682168334884,4.695607227782946,0.7064427026243495,0.23548090087478316,0.3350667547605927,18.325477899094935
31,uniform_risk,3,6,mixed,3.3502868190439696,1.1167622730146565,1.290007627517445,0.430002542505815,0.6982500291221723,5.93030207407886
31,explorer_monitor,3,6,mixed,3.3502868190439696,1.1167622730146565,1.290007627517445,0.430002542505815,0.6982500291221723,5.9012920998671685
31,all_conservative,3,6,mixed,3.3502868190439696,1.1167622730146565,1.290007627517445,0.430002542505815,0.6982500291221723,11.09033258414864
32,uniform_risk,3,6,clustered_high,8.707997716686602,2.9026659055622006,1.167610988282404,0.3892036627608013,0.4961285696976098,11.043219693251412
32,explorer_monitor,3,6,clustered_high,8.707997716686602,2.9026659055622006,1.167610988282404,0.3892036627608013,0.4961285696976098,11.623823193031658
32,all_conservative,3,6,clustered_high,10.906892695512333,3.635630898504111,0.730215493129573,0.24340516437652435,0.4173619727883472,15.28818565428977
33,uniform_risk,3,6,mixed,7.387901147336047,2.4626337157786824,1.0598314922993928,0.3532771640997976,0.543430062958673,9.507564131934833
33,explorer_monitor,3,6,mixed,7.387901147336047,2.4626337157786824,1.0598314922993928,0.3532771640997976,0.543430062958673,9.839679652442593
33,all_conservative,3,6,mixed,7.387901147336047,2.4626337157786824,1.0598314922993928,0.3532771640997976,0.543430062958673,13.746890101132403
34,uniform_risk,3,6,clustered_high,5.135108845490659,1.7117029484968862,1.339143484116142,0.44638116137204736,0.7606072458357922,7.813395813722943
34,explorer_monitor,3,6,clustered_high,5.135108845490659,1.7117029484968862,1.339143484116142,0.44638116137204736,0.7606072458357922,8.217031565084193
34,all_conservative,3,6,clustered_high,7.256824736647768,2.418941578882589,0.807000275517471,0.269000091839157,0.3273906632138669,12.098826389752592
35,uniform_risk,3,6,mixed,4.002513209912649,1.3341710699708829,1.3732946338112981,0.45776487793709936,0.903424062050486,6.749102477535245
35,explorer_monitor,3,6,mixed,4.002513209912649,1.3341710699708829,1.3732946338112981,0.45776487793709936,0.903424062050486,6.71362135933101
35,all_conservative,3,6,mixed,4.002513209912649,1.3341710699708829,1.3732946338112981,0.45776487793709936,0.903424062050486,12.242281012780438
36,uniform_risk,3,6,clustered_high,6.377188243202123,2.1257294144007077,0.6498269259432734,0.21660897531442447,0.4506047117994415,7.676842095088669
36,explorer_monitor,3,6,clustered_high,6.377188243202123,2.1257294144007077,0.6498269259432734,0.21660897531442447,0.4506047117994415,7.369355103417737
36,all_conservative,3,6,clustered_high,6.818052306425238,2.272684102141746,0.5090773984125395,0.16969246613751318,0.3098551842687077,9.872516696900476
37,uniform_risk,3,6,mixed,6.360462613760057,2.1201542045866857,1.5280114718483704,0.5093371572827902,0.9041552908937254,9.416485557456799
37,explorer_monitor,3,6,mixed,6.360462613760057,2.1201542045866857,1.5280114718483704,0.5093371572827902,0.9041552908937254,8.939762128830154
37,all_conservative,3,6,mixed,7.077216895275085,2.3590722984250285,1.189785197910344,0.3965950659701147,0.5748119301786451,14.215928082737149
38,uniform_risk,3,6,clustered_high,2.358884345153094,0.786294781717698,0.46901359924709796,0.15633786641569933,0.2204115950814058,3.2969115436472896
38,explorer_monitor,3,6,clustered_high,2.358884345153094,0.786294781717698,0.46901359924709796,0.15633786641569933,0.2204115950814058,3.530655446312214
38,all_conservative,3,6,clustered_high,2.358884345153094,0.786294781717698,0.46901359924709796,0.15633786641569933,0.2204115950814058,5.172965940635681
39,uniform_risk,3,6,mixed,8.253548087494172,2.7511826958313907,1.0254622907765412,0.3418207635921804,0.6728283818737536,10.304472669047255
39,explorer_monitor,3,6,mixed,8.253548087494172,2.7511826958313907,1.0254622907765412,0.3418207635921804,0.6728283818737536,10.967984521550125
39,all_conservative,3,6,mixed,8.253548087494172,2.7511826958313907,1.0254622907765412,0.3418207635921804,0.6728283818737536,14.40632183215342
40,uniform_risk,3,6,clustered_high,7.925348784235401,2.641782928078467,0.5447019024032187,0.1815673008010729,0.4644973825122101,9.014752589041837
40,explorer_monitor,3,6,clustered_high,7.925348784235401,2.641782928078467,0.5447019024032187,0.1815673008010729,0.4644973825122101,9.080336067083561
40,all_conservative,3,6,clustered_high,7.925348784235401,2.641782928078467,0.5447019024032187,0.1815673008010729,0.4644973825122101,11.193560198654712
41,uniform_risk,3,6,mixed,9.446671363975218,3.1488904546584062,1.166513825780867,0.38883794192695564,0.6856802654812854,11.779699015536952
41,explorer_monitor,3,6,mixed,9.446671363975218,3.1488904546584062,1.166513825780867,0.38883794192695564,0.6856802654812854,11.665344612499162
41,all_conservative,3,6,mixed,10.133257624812874,3.3777525416042913,0.840556271423596,0.2801854238078653,0.6856802654812854,15.17659525335445
42,uniform_risk,3,6,clustered_high,9.381252339382678,3.1270841131275593,0.5327891910490103,0.17759639701633678,0.38257868794429223,10.4468307214807
42,explorer_monitor,3,6,clustered_high,9.381252339382678,3.1270841131275593,0.5327891910490103,0.17759639701633678,0.38257868794429223,11.149026154715262
42,all_conservative,3,6,clustered_high,9.381252339382678,3.1270841131275593,0.5327891910490103,0.17759639701633678,0.38257868794429223,12.57798748567674
43,uniform_risk,3,6,mixed,12.561692372633496,4.187230790877832,0.9115974744525008,0.3038658248175003,0.7417180569541495,14.384887321538498
43,explorer_monitor,3,6,mixed,12.561692372633496,4.187230790877832,0.9115974744525008,0.3038658248175003,0.7417180569541495,15.75926942544295
43,all_conservative,3,6,mixed,16.535513861313643,5.511837953771214,0.21324445439752304,0.07108148479917435,0.10905401000384551,17.81498058769878
44,uniform_risk,3,6,clustered_high,12.303273694636358,4.101091231545452,0.7895669204832374,0.26318897349441245,0.46579947261953614,13.882407535602834
44,explorer_monitor,3,6,clustered_high,12.541422600533863,4.1804742001779545,0.7895669204832374,0.26318897349441245,0.46579947261953614,13.9455566861552
44,all_conservative,3,6,clustered_high,13.70456691633378,4.56818897211126,0.548229820119114,0.182743273373038,0.46579947261953614,16.993945837048464
45,uniform_risk,3,6,mixed,10.042762999954439,3.3475876666514797,0.8005114374175275,0.2668371458058425,0.37430102343553684,11.643785874789495
45,explorer_monitor,3,6,mixed,10.042762999954439,3.3475876666514797,0.8005114374175275,0.2668371458058425,0.37430102343553684,11.50726875850486
45,all_conservative,3,6,mixed,10.042762999954439,3.3475876666514797,0.8005114374175275,0.2668371458058425,0.37430102343553684,14.845831624459606
46,uniform_risk,3,6,clustered_high,5.545743697752424,1.8485812325841413,1.7485508137061956,0.5828502712353986,0.9110583857117753,9.042845325164814
46,explorer_monitor,3,6,clustered_high,6.111388533911136,2.037129511303712,1.5264765393715827,0.5088255131238609,0.9110583857117753,8.910019529930677
46,all_conservative,3,6,clustered_high,8.132382545953513,2.7107941819845043,1.1245424301601517,0.37484747672005053,0.5091242765003442,14.879637126914423
47,uniform_risk,3,6,mixed,6.314019559369109,2.10467318645637,1.759266643433207,0.5864222144777357,0.7215959677426732,9.832552846235522
47,explorer_monitor,3,6,mixed,6.314019559369109,2.10467318645637,1.759266643433207,0.5864222144777357,0.7215959677426732,10.346633242344911
47,all_conservative,3,6,mixed,10.63504933353367,3.5450164445112233,0.7334523202841158,0.24448410676137192,0.6178381819260306,15.035763255238365
48,uniform_risk,3,6,clustered_high,8.779508208605387,2.9265027362017957,0.5403482667534893,0.1801160889178298,0.21495681669894517,9.860204742112366
48,explorer_monitor,3,6,clustered_high,8.779508208605387,2.9265027362017957,0.5403482667534893,0.1801160889178298,0.21495681669894517,9.918092548090012
48,all_conservative,3,6,clustered_high,8.779508208605387,2.9265027362017957,0.5403482667534893,0.1801160889178298,0.21495681669894517,12.021597809126323
49,uniform_risk,3,6,mixed,6.198188598469175,2.0660628661563916,0.8184854018915677,0.27282846729718924,0.7094989615689342,7.835159402252311
49,explorer_monitor,3,6,mixed,6.198188598469175,2.0660628661563916,0.8184854018915677,0.27282846729718924,0.7094989615689342,7.990562605823331
49,all_conservative,3,6,mixed,6.198188598469175,2.0660628661563916,0.8184854018915677,0.27282846729718924,0.7094989615689342,11.10910100981858
50,uniform_risk,3,6,clustered_high,3.992817801852686,1.3309392672842286,0.7865486859396764,0.2621828953132255,0.36368955283695215,5.565915173732039
50,explorer_monitor,3,6,clustered_high,3.992817801852686,1.3309392672842286,0.7865486859396764,0.2621828953132255,0.36368955283695215,5.370358328940774
50,all_conservative,3,6,clustered_high,3.992817801852686,1.3309392672842286,0.7865486859396764,0.2621828953132255,0.36368955283695215,8.712109917490745
51,uniform_risk,3,6,mixed,8.807526271901999,2.9358420906339995,0.8323692316689241,0.27745641055630804,0.6245217794418948,10.472264735239847
51,explorer_monitor,3,6,mixed,9.16019859953534,3.0533995331784465,0.8323692316689241,0.27745641055630804,0.6245217794418948,10.314195385099199
51,all_conservative,3,6,mixed,8.807526271901999,2.9358420906339995,0.8323692316689241,0.27745641055630804,0.6245217794418948,13.801741661915543
52,uniform_risk,3,6,clustered_high,7.235980944145228,2.4119936480484094,0.9040964904532931,0.30136549681776437,0.40490795884898556,9.044173925051815
52,explorer_monitor,3,6,clustered_high,7.235980944145228,2.4119936480484094,0.9040964904532931,0.30136549681776437,0.40490795884898556,9.114894994145898
52,all_conservative,3,6,clustered_high,7.235980944145228,2.4119936480484094,0.9040964904532931,0.30136549681776437,0.40490795884898556,12.660559886864988
53,uniform_risk,3,6,mixed,7.015443736832849,2.3384812456109496,1.846884709722433,0.6156282365741443,0.9676965076927446,10.709213156277714
53,explorer_monitor,3,6,mixed,8.11282253765787,2.70427417921929,1.3177553358505758,0.4392517786168586,0.9676965076927446,9.912460410225712
53,all_conservative,3,6,mixed,8.11282253765787,2.70427417921929,1.3177553358505758,0.4392517786168586,0.9676965076927446,16.019354552761325
54,uniform_risk,3,6,clustered_high,5.077931584134054,1.6926438613780181,1.3269667680831558,0.44232225602771863,0.7298262247405536,7.731865120300367
54,explorer_monitor,3,6,clustered_high,5.077931584134054,1.6926438613780181,1.3269667680831558,0.44232225602771863,0.7298262247405536,8.806080209599923
54,all_conservative,3,6,clustered_high,7.415381202505682,2.4717937341685605,0.840276003778966,0.28009200125965533,0.3854373601815505,12.457037225179478
55,uniform_risk,3,6,mixed,6.435475310931515,2.1451584369771717,0.9844782480056781,0.3281594160018927,0.5340111496982611,8.40443180694287
55,explorer_monitor,3,6,mixed,6.435475310931515,2.1451584369771717,0.9844782480056781,0.3281594160018927,0.5340111496982611,9.306914940595334
55,all_conservative,3,6,mixed,6.435475310931515,2.1451584369771717,0.9844782480056781,0.3281594160018927,0.5340111496982611,12.342344798965584
56,uniform_risk,3,6,clustered_high,5.108956615647553,1.7029855385491846,1.3454736350366272,0.44849121167887573,0.5409690815240625,7.799903885720809
56,explorer_monitor,3,6,clustered_high,5.108956615647553,1.7029855385491846,1.3454736350366272,0.44849121167887573,0.5409690815240625,8.264237747308401
56,all_conservative,3,6,clustered_high,5.108956615647553,1.7029855385491846,1.3454736350366272,0.44849121167887573,0.5409690815240625,13.181798425867317
57,uniform_risk,3,6,mixed,10.971539887286681,3.6571799624288936,0.661450162994887,0.22048338766496234,0.28687939731326817,12.294440213276454
57,explorer_monitor,3,6,mixed,11.93665777287795,3.97888592429265,0.3798219639872368,0.12660732132907893,0.23577807386343264,12.568011405645475
57,all_conservative,3,6,mixed,11.93665777287795,3.97888592429265,0.3798219639872368,0.12660732132907893,0.23577807386343264,14.21558955680137
58,uniform_risk,3,6,clustered_high,9.370192264270756,3.123397421423585,0.6165472600020829,0.20551575333402763,0.25768786510470304,10.603286784274923
58,explorer_monitor,3,6,clustered_high,9.370192264270756,3.123397421423585,0.6165472600020829,0.20551575333402763,0.25768786510470304,10.869278782190353
58,all_conservative,3,6,clustered_high,9.370192264270756,3.123397421423585,0.6165472600020829,0.20551575333402763,0.25768786510470304,13.069475824283254
59,uniform_risk,3,6,mixed,10.432013782372568,3.4773379274575227,2.1600131713911397,0.7200043904637132,0.9810394225515603,14.752040125154846
59,explorer_monitor,3,6,mixed,12.38108571334809,4.12702857111603,1.5114923572115644,0.5038307857371881,0.7885200162795153,15.280587628235674
59,all_conservative,3,6,mixed,12.38108571334809,4.12702857111603,1.5114923572115644,0.5038307857371881,0.7885200162795153,21.45003985661748
60,uniform_risk,3,6,clustered_high,7.558159484272879,2.5193864947576263,1.0382760691339838,0.3460920230446613,0.5517444857830578,9.634711622540845
60,explorer_monitor,3,6,clustered_high,7.558159484272879,2.5193864947576263,1.0382760691339838,0.3460920230446613,0.5517444857830578,10.509360805383285
60,all_conservative,3,6,clustered_high,8.168934700575637,2.7229782335252124,0.9072411571080431,0.3024137190360144,0.5517444857830578,13.612381643223896
61,uniform_risk,3,6,mixed,6.4028546931182895,2.1342848977060966,1.125230676798974,0.3750768922663246,0.4975233924936273,8.653316046716238
61,explorer_monitor,3,6,mixed,6.4028546931182895,2.1342848977060966,1.125230676798974,0.3750768922663246,0.4975233924936273,9.34186697561274
61,all_conservative,3,6,mixed,6.4028546931182895,2.1342848977060966,1.125230676798974,0.3750768922663246,0.4975233924936273,13.154238753912134
62,uniform_risk,3,6,clustered_high,13.984025666475588,4.661341888825196,0.8982741618827363,0.2994247206275788,0.40054798778108497,15.780573990241061
62,explorer_monitor,3,6,clustered_high,13.984025666475588,4.661341888825196,0.8982741618827363,0.2994247206275788,0.40054798778108497,15.868384095162186
62,all_conservative,3,6,clustered_high,13.984025666475588,4.661341888825196,0.8982741618827363,0.2994247206275788,0.40054798778108497,19.373670637772005
63,uniform_risk,3,6,mixed,7.00969538031168,2.33656512677056,1.0025885249351179,0.3341961749783726,0.4912001952542241,9.014872430181915
63,explorer_monitor,3,6,mixed,7.00969538031168,2.33656512677056,1.0025885249351179,0.3341961749783726,0.4912001952542241,9.047225588102684
63,all_conservative,3,6,mixed,7.00969538031168,2.33656512677056,1.0025885249351179,0.3341961749783726,0.4912001952542241,13.025226529922389
64,uniform_risk,3,6,clustered_high,6.102250612276764,2.034083537425588,0.9680155680803512,0.3226718560267837,0.5530426915319251,8.038281748437468
64,explorer_monitor,3,6,clustered_high,7.053557557436678,2.3511858524788924,0.6666748905249008,0.22222496350830026,0.5530426915319251,8.03484501813224
64,all_conservative,3,6,clustered_high,7.053557557436678,2.3511858524788924,0.6666748905249008,0.22222496350830026,0.5530426915319251,11.053606900586082
65,uniform_risk,3,6,mixed,8.150426475853765,2.716808825284588,1.8076481095777535,0.6025493698592511,0.8233393995083906,11.765722695009272
65,explorer_monitor,3,6,mixed,8.150426475853765,2.716808825284588,1.8076481095777535,0.6025493698592511,0.8233393995083906,12.221971154234208
65,all_conservative,3,6,mixed,9.225705226745557,3.0752350755818525,1.4169269965513376,0.47230899885044586,0.639793929366663,17.727267206053583
66,uniform_risk,3,6,clustered_high,9.257745644309928,3.085915214769976,0.3929556804671076,0.1309852268223692,0.25128657237063134,10.043657005244144
66,explorer_monitor,3,6,clustered_high,9.257745644309928,3.085915214769976,0.3929556804671076,0.1309852268223692,0.25128657237063134,9.946564699753075
66,all_conservative,3,6,clustered_high,9.257745644309928,3.085915214769976,0.3929556804671076,0.1309852268223692,0.25128657237063134,11.615479727112575
67,uniform_risk,3,6,mixed,6.648704189169493,2.216234729723164,0.9489268876937443,0.31630896256458146,0.6849908411956767,8.546557964556982
67,explorer_monitor,3,6,mixed,6.648704189169493,2.216234729723164,0.9489268876937443,0.31630896256458146,0.6849908411956767,9.856626614013667
67,all_conservative,3,6,mixed,7.596873836078034,2.532291278692678,0.7619741066341837,0.25399136887806123,0.49803806013611607,12.168718475883136
68,uniform_risk,3,6,clustered_high,5.880576982559927,1.9601923275199757,0.5372329047900178,0.17907763493000595,0.24937985419882708,6.955042792139962
68,explorer_monitor,3,6,clustered_high,5.880576982559927,1.9601923275199757,0.5372329047900178,0.17907763493000595,0.24937985419882708,6.953933218322322
68,all_conservative,3,6,clustered_high,6.494882238052196,2.1649607460173987,0.42158888781828197,0.14052962927276066,0.16371791040059747,9.024415564961888
69,uniform_risk,3,6,mixed,7.300261317836643,2.433420439278881,1.7293378210553616,0.5764459403517872,0.7638567641619896,10.758936959947366
69,explorer_monitor,3,6,mixed,7.300261317836643,2.433420439278881,1.7293378210553616,0.5764459403517872,0.7638567641619896,11.205216463158582
69,all_conservative,3,6,mixed,10.564869437121763,3.521623145707254,1.0390128066362139,0.34633760221207127,0.4948942035251763,16.79894627693905
70,uniform_risk,3,6,clustered_high,6.529701110326297,2.1765670367754324,0.9871469078806381,0.32904896929354605,0.37748258614639696,8.503994926087572
70,explorer_monitor,3,6,clustered_high,6.529701110326297,2.1765670367754324,0.9871469078806381,0.32904896929354605,0.37748258614639696,8.81393278595035
70,all_conservative,3,6,clustered_high,6.529701110326297,2.1765670367754324,0.9871469078806381,0.32904896929354605,0.37748258614639696,12.452582557610125
71,uniform_risk,3,6,mixed,6.455798624491527,2.151932874830509,1.7565009486418517,0.5855003162139506,0.7829039914314214,9.96880052177523
71,explorer_monitor,3,6,mixed,6.455798624491527,2.151932874830509,1.7565009486418517,0.5855003162139506,0.7829039914314214,9.785477659818635
71,all_conservative,3,6,mixed,9.716029616471562,3.2386765388238543,1.0002441121742636,0.3334147040580879,0.6738063924730165,15.717494289517143
72,uniform_risk,3,6,clustered_high,6.395516822285499,2.131838940761833,1.274399047621598,0.4247996825405327,0.7312552193368422,8.944314917528693
72,explorer_monitor,3,6,clustered_high,6.395516822285499,2.131838940761833,1.274399047621598,0.4247996825405327,0.7312552193368422,8.608294817921752
72,all_conservative,3,6,clustered_high,7.88036172898861,2.6267872429962034,0.7483325329461084,0.24944417764870278,0.47410258539215067,12.37035692666526
73,uniform_risk,3,6,mixed,7.7567351884887845,2.585578396162928,0.7341719521479781,0.24472398404932605,0.31704074501844803,9.225079092784743
73,explorer_monitor,3,6,mixed,7.7567351884887845,2.585578396162928,0.7341719521479781,0.24472398404932605,0.31704074501844803,9.48254899963366
73,all_conservative,3,6,mixed,7.7567351884887845,2.585578396162928,0.7341719521479781,0.24472398404932605,0.31704074501844803,12.161766901376652
74,uniform_risk,3,6,clustered_high,4.089916927566529,1.3633056425221763,0.961886688780808,0.3206288962602693,0.38743007482601444,6.013690305128145
74,explorer_monitor,3,6,clustered_high,4.089916927566529,1.3633056425221763,0.961886688780808,0.3206288962602693,0.38743007482601444,6.5490108232719315
74,all_conservative,3,6,clustered_high,4.089916927566529,1.3633056425221763,0.961886688780808,0.3206288962602693,0.38743007482601444,9.861237060251376
75,uniform_risk,3,6,mixed,10.229686481038328,3.409895493679443,1.6864779201978444,0.5621593067326148,0.936669379750626,13.602642321434015
75,explorer_monitor,3,6,mixed,10.229686481038328,3.409895493679443,1.6864779201978444,0.5621593067326148,0.936669379750626,13.766678073242623
75,all_conservative,3,6,mixed,10.229686481038328,3.409895493679443,1.6864779201978444,0.5621593067326148,0.936669379750626,20.348554002225395
76,uniform_risk,3,6,clustered_high,5.065840164509961,1.688613388169987,1.1870609185531613,0.39568697285105375,0.5961054843718948,7.4399620016162835
76,explorer_monitor,3,6,clustered_high,5.065840164509961,1.688613388169987,1.1870609185531613,0.39568697285105375,0.5961054843718948,8.137623235315711
76,all_conservative,3,6,clustered_high,5.065840164509961,1.688613388169987,1.1870609185531613,0.39568697285105375,0.5961054843718948,12.188205675828929
77,uniform_risk,3,6,mixed,5.023379821204846,1.6744599404016152,1.3554319753546549,0.4518106584515516,0.9540348226549126,7.734243771914156
77,explorer_monitor,3,6,mixed,5.023379821204846,1.6744599404016152,1.3554319753546549,0.4518106584515516,0.9540348226549126,9.381528140158537
77,all_conservative,3,6,mixed,5.023379821204846,1.6744599404016152,1.3554319753546549,0.4518106584515516,0.9540348226549126,13.155971673332775
78,uniform_risk,3,6,clustered_high,8.356905991942666,2.785635330647555,0.5868898613610529,0.19562995378701764,0.2746172544091824,9.530685714664774
78,explorer_monitor,3,6,clustered_high,8.356905991942666,2.785635330647555,0.5868898613610529,0.19562995378701764,0.2746172544091824,9.970355923015465
78,all_conservative,3,6,clustered_high,8.356905991942666,2.785635330647555,0.5868898613610529,0.19562995378701764,0.2746172544091824,11.878245160108985
79,uniform_risk,3,6,mixed,8.165882915107876,2.721960971702625,1.0390061793741638,0.3463353931247213,0.5054870560925958,10.243895273856202
79,explorer_monitor,3,6,mixed,8.165882915107876,2.721960971702625,1.0390061793741638,0.3463353931247213,0.5054870560925958,11.049467900502034
79,all_conservative,3,6,mixed,8.165882915107876,2.721960971702625,1.0390061793741638,0.3463353931247213,0.5054870560925958,14.399919991352858
80,uniform_risk,3,6,clustered_high,8.07235597096689,2.6907853236556303,1.2962283541654231,0.43207611805514107,0.6947589705603214,10.664812679297736
80,explorer_monitor,3,6,clustered_high,8.075315509035924,2.6917718363453083,1.2962283541654231,0.43207611805514107,0.6947589705603214,10.036773158918534
80,all_conservative,3,6,clustered_high,9.54913850291092,3.1830461676369732,0.8059028515147257,0.2686342838382419,0.5695894275490601,14.384555611999273
81,uniform_risk,3,6,mixed,8.76454396134184,2.9215146537806134,1.1746036194598424,0.39153453981994746,0.8233604373757843,11.113751200261525
81,explorer_monitor,3,6,mixed,8.76454396134184,2.9215146537806134,1.1746036194598424,0.39153453981994746,0.8233604373757843,10.985930537164041
81,all_conservative,3,6,mixed,8.76454396134184,2.9215146537806134,1.1746036194598424,0.39153453981994746,0.8233604373757843,15.812165678100893
82,uniform_risk,3,6,clustered_high,10.026328701168447,3.342109567056149,0.8619318780856592,0.28731062602855306,0.3830267337569517,11.750192457339764
82,explorer_monitor,3,6,clustered_high,10.026328701168447,3.342109567056149,0.8619318780856592,0.28731062602855306,0.3830267337569517,12.382098930730848
82,all_conservative,3,6,clustered_high,11.21010716703719,3.7367023890123967,0.5947021497708355,0.19823404992361182,0.3830267337569517,14.778320065662204
83,uniform_risk,3,6,mixed,5.201587547483267,1.7338625158277556,1.4989493020376148,0.4996497673458716,0.879713890963883,8.199486151558496
83,explorer_monitor,3,6,mixed,5.201587547483267,1.7338625158277556,1.4989493020376148,0.4996497673458716,0.879713890963883,7.957241175227238
83,all_conservative,3,6,mixed,7.710520090257393,2.5701733634191313,0.7624958452370605,0.2541652817456868,0.3187344573163122,12.285495161679757
84,uniform_risk,3,6,clustered_high,5.685373186072704,1.895124395357568,0.9854303902678475,0.32847679675594915,0.46111305225561117,7.656233966608399
84,explorer_monitor,3,6,clustered_high,5.691631895192077,1.8972106317306923,0.9854303902678475,0.32847679675594915,0.46111305225561117,8.346839577617867
84,all_conservative,3,6,clustered_high,5.685373186072704,1.895124395357568,0.9854303902678475,0.32847679675594915,0.46111305225561117,11.59795552767979
85,uniform_risk,3,6,mixed,4.63297186857447,1.5443239561914899,1.4186937307828988,0.4728979102609663,0.5520792925478145,7.470359330140267
85,explorer_monitor,3,6,mixed,4.63297186857447,1.5443239561914899,1.4186937307828988,0.4728979102609663,0.5520792925478145,8.204695274153973
85,all_conservative,3,6,mixed,4.63297186857447,1.5443239561914899,1.4186937307828988,0.4728979102609663,0.5520792925478145,13.145134253271863
86,uniform_risk,3,6,clustered_high,7.4177332654344275,2.472577755144809,0.8688146681358064,0.2896048893786021,0.45716524944874454,9.155362601706042
86,explorer_monitor,3,6,clustered_high,7.4177332654344275,2.472577755144809,0.8688146681358064,0.2896048893786021,0.45716524944874454,9.939306045648646
86,all_conservative,3,6,clustered_high,7.4177332654344275,2.472577755144809,0.8688146681358064,0.2896048893786021,0.45716524944874454,12.630621274249265
87,uniform_risk,3,6,mixed,5.946201619408825,1.9820672064696083,1.1782938376997827,0.39276461256659423,0.7071695637034598,8.302789294808392
87,explorer_monitor,3,6,mixed,5.946201619408825,1.9820672064696083,1.1782938376997827,0.39276461256659423,0.7071695637034598,7.713083834266391
87,all_conservative,3,6,mixed,5.946201619408825,1.9820672064696083,1.1782938376997827,0.39276461256659423,0.7071695637034598,13.015964645607522
88,uniform_risk,3,6,clustered_high,6.7109105199159895,2.23697017330533,0.9585308242716508,0.31951027475721694,0.6919966530754633,8.62797216845929
88,explorer_monitor,3,6,clustered_high,9.405486414142365,3.135162138047455,0.27510546999740115,0.09170182333246706,0.2632279927001081,9.699081718429216
88,all_conservative,3,6,clustered_high,9.405486414142365,3.135162138047455,0.27510546999740115,0.09170182333246706,0.2632279927001081,11.056119234126772
89,uniform_risk,3,6,mixed,7.791904074293642,2.5973013580978805,0.8226238468656089,0.27420794895520295,0.4339096519716623,9.43715176802486
89,explorer_monitor,3,6,mixed,7.791904074293642,2.5973013580978805,0.8226238468656089,0.27420794895520295,0.4339096519716623,9.925707049728368
89,all_conservative,3,6,mixed,7.791904074293642,2.5973013580978805,0.8226238468656089,0.27420794895520295,0.4339096519716623,12.727647155487295
90,uniform_risk,3,6,clustered_high,5.874741820603544,1.9582472735345149,1.0894770534403295,0.3631590178134432,0.514909426781128,8.053695927484203
90,explorer_monitor,3,6,clustered_high,5.874741820603544,1.9582472735345149,1.0894770534403295,0.3631590178134432,0.514909426781128,8.926272434433134
90,all_conservative,3,6,clustered_high,5.874741820603544,1.9582472735345149,1.0894770534403295,0.3631590178134432,0.514909426781128,12.411604141245522
91,uniform_risk,3,6,mixed,2.5654663460329807,0.8551554486776602,0.9520770612955031,0.31735902043183434,0.49060345611079326,4.469620468623987
91,explorer_monitor,3,6,mixed,2.5654663460329807,0.8551554486776602,0.9520770612955031,0.31735902043183434,0.49060345611079326,5.018979434606028
91,all_conservative,3,6,mixed,2.5654663460329807,0.8551554486776602,0.9520770612955031,0.31735902043183434,0.49060345611079326,8.277928713805998
92,uniform_risk,3,6,clustered_high,8.69227774933917,2.8974259164463896,0.7074271957006739,0.23580906523355796,0.3638036931491403,10.107132140740518
92,explorer_monitor,3,6,clustered_high,9.125114797365763,3.041704932455254,0.7074271957006739,0.23580906523355796,0.3638036931491403,10.30867250011217
92,all_conservative,3,6,clustered_high,8.69227774933917,2.8974259164463896,0.7074271957006739,0.23580906523355796,0.3638036931491403,12.936840923543212
93,uniform_risk,3,6,mixed,5.88379550700855,1.96126516900285,1.6071626234774108,0.5357208744924703,0.9052075743133589,9.098120753963371
93,explorer_monitor,3,6,mixed,6.210373775118275,2.0701245917060915,1.6071626234774108,0.5357208744924703,0.9052075743133589,8.673334170550051
93,all_conservative,3,6,mixed,7.4677506053238,2.4892502017746,1.0030863145391207,0.3343621048463736,0.6250336877688947,13.486268492558523
94,uniform_risk,3,6,clustered_high,10.029639865979323,3.3432132886597743,0.8747855149606185,0.2915951716535395,0.4297542335504176,11.779210895900562
94,explorer_monitor,3,6,clustered_high,10.029639865979323,3.3432132886597743,0.8747855149606185,0.2915951716535395,0.4297542335504176,11.805454536283522
94,all_conservative,3,6,clustered_high,11.332156291789767,3.777385430596589,0.6053638590977448,0.2017879530325816,0.2879396408124803,14.964339446376236
95,uniform_risk,3,6,mixed,4.840433903954916,1.613477967984972,1.6399036389383852,0.5466345463127951,0.7152363912994262,8.120241181831686
95,explorer_monitor,3,6,mixed,4.840433903954916,1.613477967984972,1.6399036389383852,0.5466345463127951,0.7152363912994262,8.917377924776876
95,all_conservative,3,6,mixed,4.840433903954916,1.613477967984972,1.6399036389383852,0.5466345463127951,0.7152363912994262,14.679855737585227
96,uniform_risk,3,6,clustered_high,5.6750809376078335,1.891693645869278,0.9820458276819348,0.3273486092273116,0.49180410297599136,7.639172592971704
96,explorer_monitor,3,6,clustered_high,5.6750809376078335,1.891693645869278,0.9820458276819348,0.3273486092273116,0.49180410297599136,7.2323504240467
96,all_conservative,3,6,clustered_high,5.6750809376078335,1.891693645869278,0.9820458276819348,0.3273486092273116,0.49180410297599136,11.567355903699442
97,uniform_risk,3,6,mixed,7.460280510172317,2.486760170057439,1.4320690702106464,0.47735635673688215,0.9617278656799704,10.32441865059361
97,explorer_monitor,3,6,mixed,7.688316018656049,2.5627720062186827,1.4320690702106464,0.47735635673688215,0.9617278656799704,10.155800913623974
97,all_conservative,3,6,mixed,9.226355844020834,3.0754519480069447,0.6772085307389906,0.22573617691299686,0.44577855150490675,13.289607028454776
98,uniform_risk,3,6,clustered_high,5.105363205615402,1.7017877352051338,0.3632184293327699,0.12107280977758995,0.25639640458587776,5.831800064280941
98,explorer_monitor,3,6,clustered_high,5.105363205615402,1.7017877352051338,0.3632184293327699,0.12107280977758995,0.25639640458587776,6.001655702261139
98,all_conservative,3,6,clustered_high,5.105363205615402,1.7017877352051338,0.3632184293327699,0.12107280977758995,0.25639640458587776,7.284673781612021
99,uniform_risk,3,6,mixed,9.693350883816326,3.2311169612721087,1.4884666956837296,0.4961555652279099,0.6391085856661506,12.670284275183782
99,explorer_monitor,3,6,mixed,9.693350883816326,3.2311169612721087,1.4884666956837296,0.4961555652279099,0.6391085856661506,13.686148051063725
99,all_conservative,3,6,mixed,12.155862453811093,4.0519541512703645,0.9119218614867433,0.3039739538289144,0.587004714565218,17.627393622731553
100,uniform_risk,3,6,clustered_high,6.844369881592336,2.2814566271974455,0.39351866191775386,0.13117288730591795,0.2091195531056293,7.631407205427844
100,explorer_monitor,3,6,clustered_high,6.3385277885110005,2.1128425961703337,0.680361422878063,0.22678714095935434,0.49596231406593844,7.386332838532671
100,all_conservative,3,6,clustered_high,6.844369881592336,2.2814566271974455,0.39351866191775386,0.13117288730591795,0.2091195531056293,9.20548185309886
101,uniform_risk,3,6,mixed,6.964834066423573,2.3216113554745244,1.6167858657672345,0.5389286219224115,0.7610566185454242,10.198405797958042
101,explorer_monitor,3,6,mixed,6.964834066423573,2.3216113554745244,1.6167858657672345,0.5389286219224115,0.7610566185454242,9.682309536612301
101,all_conservative,3,6,mixed,7.984150496851864,2.6613834989506215,1.4118762320422666,0.47062541068075553,0.7610566185454242,16.455407889105466
102,uniform_risk,3,6,clustered_high,7.9289929216526165,2.642997640550872,1.2481791086931588,0.4160597028977196,0.5511009325436529,10.425351139038934
102,explorer_monitor,3,6,clustered_high,8.102476008884262,2.700825336294754,1.2481791086931588,0.4160597028977196,0.5511009325436529,10.865972336454083
102,all_conservative,3,6,clustered_high,7.9289929216526165,2.642997640550872,1.2481791086931588,0.4160597028977196,0.5511009325436529,15.41806757381157
103,uniform_risk,3,6,mixed,6.179940810272154,2.0599802700907177,1.2343270275507985,0.41144234251693285,0.8580168449462576,8.648594865373752
103,explorer_monitor,3,6,mixed,6.623643784577652,2.207881261525884,1.2343270275507985,0.41144234251693285,0.8580168449462576,9.559242713445302
103,all_conservative,3,6,mixed,6.179940810272154,2.0599802700907177,1.2343270275507985,0.41144234251693285,0.8580168449462576,13.585902975576944
104,uniform_risk,3,6,clustered_high,5.074754901653635,1.6915849672178782,0.8809333797832475,0.2936444599277492,0.7453382611685122,6.836621661220129
104,explorer_monitor,3,6,clustered_high,5.183811687999351,1.727937229333117,0.8809333797832475,0.2936444599277492,0.7453382611685122,7.21315905708234
104,all_conservative,3,6,clustered_high,5.074754901653635,1.6915849672178782,0.8809333797832475,0.2936444599277492,0.7453382611685122,10.360355180353121
105,uniform_risk,3,6,mixed,5.9857806734544985,1.9952602244848328,0.7118512007832476,0.23728373359441587,0.3437396205526192,7.409483075020994
105,explorer_monitor,3,6,mixed,5.9857806734544985,1.9952602244848328,0.7118512007832476,0.23728373359441587,0.3437396205526192,7.264892938300786
105,all_conservative,3,6,mixed,5.9857806734544985,1.9952602244848328,0.7118512007832476,0.23728373359441587,0.3437396205526192,10.256887878153982
106,uniform_risk,3,6,clustered_high,2.9770263800467673,0.9923421266822557,0.8934399505316215,0.29781331684387385,0.3277426141917675,4.76390628111001
106,explorer_monitor,3,6,clustered_high,2.9770263800467673,0.9923421266822557,0.8934399505316215,0.29781331684387385,0.3277426141917675,5.092097527284149
106,all_conservative,3,6,clustered_high,2.9770263800467673,0.9923421266822557,0.8934399505316215,0.29781331684387385,0.3277426141917675,8.337666083236497
107,uniform_risk,3,6,mixed,7.752708707884446,2.584236235961482,2.031258052489777,0.6770860174965924,0.753157800991068,11.815224812863999
107,explorer_monitor,3,6,mixed,7.752708707884446,2.584236235961482,2.031258052489777,0.6770860174965924,0.753157800991068,12.362107438188547
107,all_conservative,3,6,mixed,9.476919857779375,3.1589732859264585,1.4209533183336034,0.47365110611120115,0.6500202131578069,18.00263976778099
108,uniform_risk,3,6,clustered_high,3.8757832867062967,1.2919277622354322,1.1614336059759964,0.38714453532533216,0.629974007026275,6.1986504986582895
108,explorer_monitor,3,6,clustered_high,3.8757832867062967,1.2919277622354322,1.1614336059759964,0.38714453532533216,0.629974007026275,6.497285847385663
108,all_conservative,3,6,clustered_high,3.8757832867062967,1.2919277622354322,1.1614336059759964,0.38714453532533216,0.629974007026275,10.844384922562277
109,uniform_risk,3,6,mixed,9.586379658622977,3.1954598862076593,2.1376858210768965,0.7125619403589655,0.8608140039367475,13.861751300776772
109,explorer_monitor,3,6,mixed,9.586379658622977,3.1954598862076593,2.1376858210768965,0.7125619403589655,0.8608140039367475,14.900437259647841
109,all_conservative,3,6,mixed,9.586379658622977,3.1954598862076593,2.1376858210768965,0.7125619403589655,0.8608140039367475,22.412494585084357
110,uniform_risk,3,6,clustered_high,7.080191336091515,2.3600637786971714,0.49614333294590174,0.16538111098196726,0.2558107180997078,8.072478001983319
110,explorer_monitor,3,6,clustered_high,7.080191336091515,2.3600637786971714,0.49614333294590174,0.16538111098196726,0.2558107180997078,8.248346990738964
110,all_conservative,3,6,clustered_high,7.080191336091515,2.3600637786971714,0.49614333294590174,0.16538111098196726,0.2558107180997078,10.057051333766925
111,uniform_risk,3,6,mixed,12.109048704511912,4.036349568170637,1.1763856208358048,0.3921285402786016,0.7406581802341782,14.461819946183521
111,explorer_monitor,3,6,mixed,14.117676598644477,4.705892199548159,0.46508369177443,0.15502789725814334,0.26876448640924566,15.352413639405295
111,all_conservative,3,6,mixed,14.117676598644477,4.705892199548159,0.46508369177443,0.15502789725814334,0.26876448640924566,16.908178749291057
112,uniform_risk,3,6,clustered_high,4.1298353377364405,1.3766117792454802,1.062851520030395,0.35428384001013163,0.46558003857859276,6.2555383777972295
112,explorer_monitor,3,6,clustered_high,4.967869077136381,1.6559563590454605,0.7248295219713414,0.2416098406571138,0.36138918666293324,6.436761907329272
112,all_conservative,3,6,clustered_high,6.146690791461348,2.048896930487116,0.3854592889398129,0.1284864296466043,0.23588229478886907,8.459446525100224
113,uniform_risk,3,6,mixed,7.561691103449233,2.520563701149744,1.18503090004389,0.39501030001462994,0.844846504261328,9.931752903537012
113,explorer_monitor,3,6,mixed,8.489208376850353,2.8297361256167846,0.8812336307889573,0.29374454359631913,0.8043380194587567,9.463275966084423
113,all_conservative,3,6,mixed,9.446891474720882,3.1489638249069607,0.3481535693400173,0.11605118978000577,0.27125795800981667,11.535812890760987
114,uniform_risk,3,6,clustered_high,6.520663229855078,2.173554409951693,0.6528093899920707,0.2176031299973569,0.4385993071257875,7.82628200983922
114,explorer_monitor,3,6,clustered_high,6.520663229855078,2.173554409951693,0.6528093899920707,0.2176031299973569,0.4385993071257875,7.905205562782172
114,all_conservative,3,6,clustered_high,6.520663229855078,2.173554409951693,0.6528093899920707,0.2176031299973569,0.4385993071257875,10.437519569807503
115,uniform_risk,3,6,mixed,10.027286954061706,3.3424289846872353,1.6517191642165798,0.55057305473886,0.9642182747327408,13.330725282494866
115,explorer_monitor,3,6,mixed,10.027286954061706,3.3424289846872353,1.6517191642165798,0.55057305473886,0.9642182747327408,13.111490955910288
115,all_conservative,3,6,mixed,12.544260649794147,4.181420216598049,0.7830778948212246,0.2610259649404082,0.37249197407408075,17.242728018721493
116,uniform_risk,3,6,clustered_high,5.673818908653509,1.8912729695511696,1.0581025088083171,0.35270083626943904,0.48231736112511436,7.790023926270143
116,explorer_monitor,3,6,clustered_high,5.673818908653509,1.8912729695511696,1.0581025088083171,0.35270083626943904,0.48231736112511436,7.913321447241933
116,all_conservative,3,6,clustered_high,7.007245171199795,2.3357483903999317,0.7082891111405569,0.23609637038018563,0.3427575914648719,11.256979838043137
117,uniform_risk,3,6,mixed,6.861221750230484,2.287073916743495,1.544541966881126,0.5148473222937087,0.6302975486038245,9.950305683992736
117,explorer_monitor,3,6,mixed,7.969501991652754,2.6565006638842514,1.0944556411743003,0.3648185470581001,0.6302975486038245,9.552029571736355
117,all_conservative,3,6,mixed,10.253931283994701,3.4179770946649004,0.5948733301144536,0.19829111003815122,0.4522011694010627,13.823171264681424
118,uniform_risk,3,6,clustered_high,7.848549312049137,2.616183104016379,0.29072665755425875,0.09690888585141959,0.1399272771403619,8.430002627157654
118,explorer_monitor,3,6,clustered_high,7.416239954168837,2.4720799847229458,0.5452414303880945,0.18174714346269816,0.318910547332338,8.467666821893413
118,all_conservative,3,6,clustered_high,7.848549312049137,2.616183104016379,0.29072665755425875,0.09690888585141959,0.1399272771403619,9.59290925737469
119,uniform_risk,3,6,mixed,8.12918946622321,2.709729822074403,1.15283674744878,0.38427891581626,0.4846794854405083,10.43486296112077
119,explorer_monitor,3,6,mixed,8.12918946622321,2.709729822074403,1.15283674744878,0.38427891581626,0.4846794854405083,11.015840657432484
119,all_conservative,3,6,mixed,8.12918946622321,2.709729822074403,1.15283674744878,0.38427891581626,0.4846794854405083,15.046209950915888
120,uniform_risk,3,6,clustered_high,6.6792076895499415,2.226402563183314,1.3050339487473004,0.4350113162491001,0.49819602425322856,9.289275587044543
120,explorer_monitor,3,6,clustered_high,6.6792076895499415,2.226402563183314,1.3050339487473004,0.4350113162491001,0.49819602425322856,9.87752505474663
120,all_conservative,3,6,clustered_high,6.6792076895499415,2.226402563183314,1.3050339487473004,0.4350113162491001,0.49819602425322856,14.509411382033743
121,uniform_risk,3,6,mixed,4.707822196712105,1.5692740655707016,0.44022611415423296,0.14674203805141098,0.3090530721512196,5.588274425020571
121,explorer_monitor,3,6,mixed,4.707822196712105,1.5692740655707016,0.44022611415423296,0.14674203805141098,0.3090530721512196,5.848570019875106
121,all_conservative,3,6,mixed,4.707822196712105,1.5692740655707016,0.44022611415423296,0.14674203805141098,0.3090530721512196,7.349178881637503
122,uniform_risk,3,6,clustered_high,8.010554689157116,2.6701848963857056,0.5299986601911357,0.1766662200637119,0.4007306320923696,9.070552009539387
122,explorer_monitor,3,6,clustered_high,8.010554689157116,2.6701848963857056,0.5299986601911357,0.1766662200637119,0.4007306320923696,8.827325263463864
122,all_conservative,3,6,clustered_high,8.010554689157116,2.6701848963857056,0.5299986601911357,0.1766662200637119,0.4007306320923696,11.19054665030393
123,uniform_risk,3,6,mixed,5.7053885519930505,1.9017961839976836,2.259591734072206,0.7531972446907353,0.9486981598499029,10.224572020137462
123,explorer_monitor,3,6,mixed,5.92799130951539,1.9759971031717967,2.259591734072206,0.7531972446907353,0.9486981598499029,10.629577110050539
123,all_conservative,3,6,mixed,8.066630267896079,2.6888767559653597,1.6415967706937589,0.5471989235645863,0.9486981598499029,17.91621089205863
124,uniform_risk,3,6,clustered_high,11.707500616798502,3.9025002055995004,0.9371835193629114,0.31239450645430383,0.4845509125528426,13.581867655524324
124,explorer_monitor,3,6,clustered_high,11.707500616798502,3.9025002055995004,0.9371835193629114,0.31239450645430383,0.4845509125528426,13.230927218810606
124,all_conservative,3,6,clustered_high,11.707500616798502,3.9025002055995004,0.9371835193629114,0.31239450645430383,0.4845509125528426,17.33060173297597
125,uniform_risk,3,6,mixed,5.125408642913837,1.7084695476379457,1.9976702085527214,0.6658900695175738,0.9424422581019638,9.120749060019278
125,explorer_monitor,3,6,mixed,5.125408642913837,1.7084695476379457,1.9976702085527214,0.6658900695175738,0.9424422581019638,8.536832441560874
125,all_conservative,3,6,mixed,5.125408642913837,1.7084695476379457,1.9976702085527214,0.6658900695175738,0.9424422581019638,17.111429894230167
126,uniform_risk,3,6,clustered_high,8.01832489187645,2.6727749639588168,0.8388091589033327,0.2796030529677776,0.4199272524228255,9.695943209683115
126,explorer_monitor,3,6,clustered_high,7.849435571291094,2.616478523763698,0.9338379951525666,0.3112793317175222,0.4199272524228255,10.10352411088714
126,all_conservative,3,6,clustered_high,9.55426720778428,3.184755735928093,0.5042980023266188,0.16809933410887293,0.3001077640068844,12.580055221743992
127,uniform_risk,3,6,mixed,7.700573080574076,2.566857693524692,0.5167483464319614,0.17224944881065382,0.36940166493194504,8.734069773437998
127,explorer_monitor,3,6,mixed,7.621783018691081,2.5405943395636936,0.6124046376546669,0.2041348792182223,0.4650579561546505,8.504813077165963
127,all_conservative,3,6,mixed,7.700573080574076,2.566857693524692,0.5167483464319614,0.17224944881065382,0.36940166493194504,10.801063159165846
128,uniform_risk,3,6,clustered_high,8.348362508951942,2.7827875029839806,1.1426936702720647,0.38089789009068825,0.6060266531330216,10.63374984949607
128,explorer_monitor,3,6,clustered_high,8.348362508951942,2.7827875029839806,1.1426936702720647,0.38089789009068825,0.6060266531330216,10.356401291566769
128,all_conservative,3,6,clustered_high,8.348362508951942,2.7827875029839806,1.1426936702720647,0.38089789009068825,0.6060266531330216,15.204524530584331
129,uniform_risk,3,6,mixed,8.272163442688818,2.757387814229606,2.131072639812274,0.7103575466040913,0.9249281667592735,12.534308722313366
129,explorer_monitor,3,6,mixed,8.272163442688818,2.757387814229606,2.131072639812274,0.7103575466040913,0.9249281667592735,12.586945751936053
129,all_conservative,3,6,mixed,10.385343297580185,3.461781099193395,1.4823452929602499,0.4941150976534166,0.7865506388277718,19.279415055341683
130,uniform_risk,3,6,clustered_high,8.441110701991226,2.8137035673304087,0.49519705824770804,0.16506568608256936,0.3044810759762176,9.431504818486642
130,explorer_monitor,3,6,clustered_high,8.441110701991226,2.8137035673304087,0.49519705824770804,0.16506568608256936,0.3044810759762176,9.456567842155161
130,all_conservative,3,6,clustered_high,8.441110701991226,2.8137035673304087,0.49519705824770804,0.16506568608256936,0.3044810759762176,11.412293051477473
131,uniform_risk,3,6,mixed,7.9584472118728415,2.6528157372909473,1.1204455954358108,0.37348186514527026,0.8258233317797505,10.199338402744463
131,explorer_monitor,3,6,mixed,8.612044362840706,2.8706814542802355,1.1204455954358108,0.37348186514527026,0.8258233317797505,11.03523061797327
131,all_conservative,3,6,mixed,7.9584472118728415,2.6528157372909473,1.1204455954358108,0.37348186514527026,0.8258233317797505,14.681120784487707
132,uniform_risk,3,6,clustered_high,11.806180012508714,3.9353933375029047,0.7707113720159837,0.2569037906719946,0.4117531458445581,13.347602756540681
132,explorer_monitor,3,6,clustered_high,11.873957448904166,3.9579858163013886,0.7707113720159837,0.2569037906719946,0.4117531458445581,13.127499905982276
132,all_conservative,3,6,clustered_high,12.382976947926037,4.1276589826420125,0.652398350382639,0.21746611679421302,0.29702179672607565,16.297367050221872
133,uniform_risk,3,6,mixed,9.359634241018327,3.119878080339442,1.8244598166688755,0.6081532722229585,0.7675727284118513,13.008553874356078
133,explorer_monitor,3,6,mixed,9.359634241018327,3.119878080339442,1.8244598166688755,0.6081532722229585,0.7675727284118513,13.896319439418297
133,all_conservative,3,6,mixed,10.189489847970316,3.3964966159901055,1.6673430615339848,0.5557810205113283,0.7675727284118513,20.193548217174225
134,uniform_risk,3,6,clustered_high,6.007700068869062,2.0025666896230208,0.708901051588343,0.23630035052944767,0.33117772626312614,7.425502172045748
134,explorer_monitor,3,6,clustered_high,6.007700068869062,2.0025666896230208,0.708901051588343,0.23630035052944767,0.33117772626312614,7.764186564539706
134,all_conservative,3,6,clustered_high,6.007700068869062,2.0025666896230208,0.708901051588343,0.23630035052944767,0.33117772626312614,10.26110637839912
135,uniform_risk,3,6,mixed,5.814499729332758,1.9381665764442528,1.8639930650585876,0.6213310216861959,0.784897055296117,9.542485859449933
135,explorer_monitor,3,6,mixed,5.814499729332758,1.9381665764442528,1.8639930650585876,0.6213310216861959,0.784897055296117,10.44498082073085
135,all_conservative,3,6,mixed,5.814499729332758,1.9381665764442528,1.8639930650585876,0.6213310216861959,0.784897055296117,16.998458119684283
136,uniform_risk,3,6,clustered_high,15.15740115086312,5.0524670502877065,0.7149339092475988,0.23831130308253293,0.38145910915965126,16.58726896935832
136,explorer_monitor,3,6,clustered_high,15.15740115086312,5.0524670502877065,0.7149339092475988,0.23831130308253293,0.38145910915965126,16.750769874726537
136,all_conservative,3,6,clustered_high,15.15740115086312,5.0524670502877065,0.7149339092475988,0.23831130308253293,0.38145910915965126,19.447004606348713
137,uniform_risk,3,6,mixed,3.7071567851370575,1.235718928379019,1.618181830300943,0.5393939434336477,0.7789411774338145,6.943520445738943
137,explorer_monitor,3,6,mixed,5.60245442878213,1.8674848095940433,1.016064919430589,0.33868830647686304,0.45757143306154124,7.606563580964642
137,all_conservative,3,6,mixed,5.60245442878213,1.8674848095940433,1.016064919430589,0.33868830647686304,0.45757143306154124,11.698843945365663
138,uniform_risk,3,6,clustered_high,8.871311898848194,2.9571039662827316,0.15817168608719356,0.052723895362397855,0.09528835497020227,9.187655271022582
138,explorer_monitor,3,6,clustered_high,8.871311898848194,2.9571039662827316,0.15817168608719356,0.052723895362397855,0.09528835497020227,9.359369321725516
138,all_conservative,3,6,clustered_high,8.871311898848194,2.9571039662827316,0.15817168608719356,0.052723895362397855,0.09528835497020227,9.820342015371356
139,uniform_risk,3,6,mixed,8.35409627429464,2.7846987580982137,0.6104596021175386,0.20348653403917952,0.2908277918094866,9.575015478529718
139,explorer_monitor,3,6,mixed,8.63051700982371,2.87683900327457,0.6104596021175386,0.20348653403917952,0.2908277918094866,9.93746049003104
139,all_conservative,3,6,mixed,8.35409627429464,2.7846987580982137,0.6104596021175386,0.20348653403917952,0.2908277918094866,12.016853886999872
140,uniform_risk,3,6,clustered_high,5.727122046339515,1.9090406821131716,0.9493483545985368,0.3164494515328456,0.34487487418871304,7.625818755536589
140,explorer_monitor,3,6,clustered_high,5.727122046339515,1.9090406821131716,0.9493483545985368,0.3164494515328456,0.34487487418871304,7.9847362158686535
140,all_conservative,3,6,clustered_high,5.727122046339515,1.9090406821131716,0.9493483545985368,0.3164494515328456,0.34487487418871304,11.423212173930736
141,uniform_risk,3,6,mixed,2.9085968889368896,0.9695322963122965,1.086542604964694,0.36218086832156465,0.9331243446518774,5.081682098866278
141,explorer_monitor,3,6,mixed,2.9085968889368896,0.9695322963122965,1.086542604964694,0.36218086832156465,0.9331243446518774,5.270301496606205
141,all_conservative,3,6,mixed,6.639372603436156,2.2131242011453853,0.3531676464591751,0.11772254881972503,0.1997493861463585,8.758378482191207
142,uniform_risk,3,6,clustered_high,9.014098871495335,3.0046996238317782,0.5762433378858463,0.1920811126286154,0.40079805134522367,10.166585547267028
142,explorer_monitor,3,6,clustered_high,9.014098871495335,3.0046996238317782,0.5762433378858463,0.1920811126286154,0.40079805134522367,10.920682414792186
142,all_conservative,3,6,clustered_high,9.014098871495335,3.0046996238317782,0.5762433378858463,0.1920811126286154,0.40079805134522367,12.471558898810411
143,uniform_risk,3,6,mixed,4.01825917545578,1.3394197251519266,1.6462738473678846,0.5487579491226282,0.9424669879999,7.3108068701915485
143,explorer_monitor,3,6,mixed,4.01825917545578,1.3394197251519266,1.6462738473678846,0.5487579491226282,0.9424669879999,6.59445299494694
143,all_conservative,3,6,mixed,4.01825917545578,1.3394197251519266,1.6462738473678846,0.5487579491226282,0.9424669879999,13.895902259663087
144,uniform_risk,3,6,clustered_high,5.1390193888381015,1.7130064629460338,0.8761119659577776,0.29203732198592586,0.4063410718334505,6.891243320753657
144,explorer_monitor,3,6,clustered_high,5.1390193888381015,1.7130064629460338,0.8761119659577776,0.29203732198592586,0.4063410718334505,6.746515116148696
144,all_conservative,3,6,clustered_high,5.1390193888381015,1.7130064629460338,0.8761119659577776,0.29203732198592586,0.4063410718334505,10.395691184584766
145,uniform_risk,3,6,mixed,11.692791102455148,3.897597034151716,0.7727486725279125,0.25758289084263747,0.6433173148232518,13.238288447510971
145,explorer_monitor,3,6,mixed,11.692791102455148,3.897597034151716,0.7727486725279125,0.25758289084263747,0.6433173148232518,14.450057834680491
145,all_conservative,3,6,mixed,11.692791102455148,3.897597034151716,0.7727486725279125,0.25758289084263747,0.6433173148232518,16.329283137622625
146,uniform_risk,3,6,clustered_high,10.61140551976499,3.5371351732549967,0.4837966349289724,0.16126554497632414,0.2486866740332505,11.578998789622933
146,explorer_monitor,3,6,clustered_high,10.45641999193189,3.485473330643963,0.5708471462852999,0.19028238209509996,0.33573718538957803,11.31665231241848
146,all_conservative,3,6,clustered_high,10.61140551976499,3.5371351732549967,0.4837966349289724,0.16126554497632414,0.2486866740332505,13.514185329338824
147,uniform_risk,3,6,mixed,9.043824283039374,3.014608094346458,1.7389863816173206,0.5796621272057735,0.8298838856344012,12.521797046274013
147,explorer_monitor,3,6,mixed,9.129857029544713,3.043285676514904,1.7389863816173206,0.5796621272057735,0.8298838856344012,12.15303270820816
147,all_conservative,3,6,mixed,11.239579225641322,3.746526408547107,1.07325786368831,0.3577526212294367,0.7215590954513159,17.679126407771182
148,uniform_risk,3,6,clustered_high,10.703001636816875,3.567667212272292,0.619743272875872,0.206581090958624,0.5068562508088467,11.942488182568619
148,explorer_monitor,3,6,clustered_high,10.703001636816875,3.567667212272292,0.619743272875872,0.206581090958624,0.5068562508088467,11.484203537391679
148,all_conservative,3,6,clustered_high,11.346328061416123,3.7821093538053745,0.48310943331081446,0.1610364777702715,0.3702224112437891,14.24498466128101
149,uniform_risk,3,6,mixed,7.381978985823401,2.4606596619411336,1.4264558709346031,0.47548529031153436,0.7000142848971251,10.234890727692608
149,explorer_monitor,3,6,mixed,6.461312818301123,2.153770939433708,1.909122242315772,0.636374080771924,0.9355120774625357,9.891236985382353
149,all_conservative,3,6,mixed,7.381978985823401,2.4606596619411336,1.4264558709346031,0.47548529031153436,0.7000142848971251,15.94071421143102
150,uniform_risk,3,6,clustered_high,10.793419774579501,3.5978065915265005,0.6683566568538304,0.22278555228461014,0.26698099695158933,12.130133088287161
150,explorer_monitor,3,6,clustered_high,10.793419774579501,3.5978065915265005,0.6683566568538304,0.22278555228461014,0.26698099695158933,12.212329524505705
150,all_conservative,3,6,clustered_high,10.793419774579501,3.5978065915265005,0.6683566568538304,0.22278555228461014,0.26698099695158933,14.803559715702484
151,uniform_risk,3,6,mixed,7.795317160982087,2.598439053660696,1.8305712350765408,0.6101904116921802,0.8393818144651712,11.45645963113517
151,explorer_monitor,3,6,mixed,7.795317160982087,2.598439053660696,1.8305712350765408,0.6101904116921802,0.8393818144651712,11.092268761802407
151,all_conservative,3,6,mixed,11.66533177560399,3.88844392520133,1.093669426949346,0.36455647564978205,0.753593948045165,18.227348337300064
152,uniform_risk,3,6,clustered_high,9.725741482864418,3.2419138276214725,1.286292994160218,0.4287643313867393,0.6520537689811683,12.298327471184855
152,explorer_monitor,3,6,clustered_high,9.524146407917115,3.174715469305705,1.4120344770787168,0.47067815902623894,0.6520537689811683,11.965246346535459
152,all_conservative,3,6,clustered_high,9.830510444280131,3.2768368147600437,1.2685493690904452,0.4228497896968151,0.6343101439113956,17.441806658822802
153,uniform_risk,3,6,mixed,4.932254512594209,1.644084837531403,0.6289030447865236,0.20963434826217453,0.35808558816373937,6.190060602167256
153,explorer_monitor,3,6,mixed,5.311123217654222,1.7703744058847406,0.5637467271572524,0.18791557571908413,0.35808558816373937,6.697372626370072
153,all_conservative,3,6,mixed,6.108743623502736,2.036247874500912,0.42562315442107046,0.1418743848070235,0.21996201542755744,8.662482550029159
154,uniform_risk,3,6,clustered_high,8.463255113210074,2.8210850377366916,0.8767388362264426,0.29224627874214754,0.37632784477725845,10.216732785662959
154,explorer_monitor,3,6,clustered_high,8.463255113210074,2.8210850377366916,0.8767388362264426,0.29224627874214754,0.37632784477725845,10.719729496205355
154,all_conservative,3,6,clustered_high,8.590093322600683,2.8633644408668943,0.8491201507596464,0.2830400502532155,0.37632784477725845,13.68481422715856
155,uniform_risk,3,6,mixed,8.069803634007341,2.689934544669114,0.9742743387268529,0.32475811290895096,0.8649508557126312,10.018352311461047
155,explorer_monitor,3,6,mixed,8.069803634007341,2.689934544669114,0.9742743387268529,0.32475811290895096,0.8649508557126312,9.284345099955855
155,all_conservative,3,6,mixed,10.275045781765215,3.4250152605884048,0.4842815251762008,0.1614271750587336,0.37495804216197914,13.180734932822421
156,uniform_risk,3,6,clustered_high,5.853147842523176,1.9510492808410589,0.9780135836239223,0.3260045278746408,0.5275413999892375,7.809175009771021
156,explorer_monitor,3,6,clustered_high,5.853147842523176,1.9510492808410589,0.9780135836239223,0.3260045278746408,0.5275413999892375,8.52760844358564
156,all_conservative,3,6,clustered_high,5.853147842523176,1.9510492808410589,0.9780135836239223,0.3260045278746408,0.5275413999892375,11.72122934426671
157,uniform_risk,3,6,mixed,7.448674980932635,2.4828916603108784,1.0726565594974502,0.35755218649915005,0.5334677638103494,9.593988099927534
157,explorer_monitor,3,6,mixed,7.448674980932635,2.4828916603108784,1.0726565594974502,0.35755218649915005,0.5334677638103494,9.85074685257442
157,all_conservative,3,6,mixed,8.735575814775757,2.911858604925252,0.7640485227066253,0.25468284090220844,0.5334677638103494,13.31986695101551
158,uniform_risk,3,6,clustered_high,8.336237048719855,2.7787456829066186,0.23925786592210974,0.07975262197403658,0.09716310767316272,8.814752780564076
158,explorer_monitor,3,6,clustered_high,8.336237048719855,2.7787456829066186,0.23925786592210974,0.07975262197403658,0.09716310767316272,8.947461416443652
158,all_conservative,3,6,clustered_high,8.336237048719855,2.7787456829066186,0.23925786592210974,0.07975262197403658,0.09716310767316272,9.771784244252515
159,uniform_risk,3,6,mixed,16.88378841491541,5.6279294716384705,0.8695137923309719,0.28983793077699066,0.450645978214935,18.622815999577355
159,explorer_monitor,3,6,mixed,17.100172937843347,5.7000576459477825,0.8695137923309719,0.28983793077699066,0.450645978214935,18.80497814817711
159,all_conservative,3,6,mixed,16.88378841491541,5.6279294716384705,0.8695137923309719,0.28983793077699066,0.450645978214935,22.100871168901243
160,uniform_risk,3,6,clustered_high,7.734659528850886,2.5782198429502956,0.3988732068012027,0.1329577356004009,0.17937080105679837,8.532405942453291
160,explorer_monitor,3,6,clustered_high,7.734659528850886,2.5782198429502956,0.3988732068012027,0.1329577356004009,0.17937080105679837,8.616269791990078
160,all_conservative,3,6,clustered_high,7.734659528850886,2.5782198429502956,0.3988732068012027,0.1329577356004009,0.17937080105679837,10.127898769658103
161,uniform_risk,3,6,mixed,9.844700464772881,3.2815668215909604,1.7390132553973463,0.5796710851324488,0.7721448435604628,13.322726975567573
161,explorer_monitor,3,6,mixed,9.844700464772881,3.2815668215909604,1.7390132553973463,0.5796710851324488,0.7721448435604628,13.862360372729984
161,all_conservative,3,6,mixed,9.844700464772881,3.2815668215909604,1.7390132553973463,0.5796710851324488,0.7721448435604628,20.27877999715696
162,uniform_risk,3,6,clustered_high,7.319048327751987,2.439682775917329,0.8399240007935119,0.2799746669311706,0.5031927172665536,8.998896329339011
162,explorer_monitor,3,6,clustered_high,7.319048327751987,2.439682775917329,0.8399240007935119,0.2799746669311706,0.5031927172665536,8.950347061867344
162,all_conservative,3,6,clustered_high,7.319048327751987,2.439682775917329,0.8399240007935119,0.2799746669311706,0.5031927172665536,12.358592332513059
163,uniform_risk,3,6,mixed,6.17020134137903,2.056733780459677,1.3688212382191618,0.45627374607305393,0.5166628975539387,8.907843817817355
163,explorer_monitor,3,6,mixed,6.17020134137903,2.056733780459677,1.3688212382191618,0.45627374607305393,0.5166628975539387,9.454308050251056
163,all_conservative,3,6,mixed,6.17020134137903,2.056733780459677,1.3688212382191618,0.45627374607305393,0.5166628975539387,14.383128770694002
164,uniform_risk,3,6,clustered_high,10.243185542954548,3.414395180984849,0.1971395647867964,0.06571318826226547,0.10535197552588171,10.63746467252814
164,explorer_monitor,3,6,clustered_high,9.820166967452232,3.273388989150744,0.472051195324883,0.15735039844162765,0.2861346496152323,10.68883865953853
164,all_conservative,3,6,clustered_high,10.243185542954548,3.414395180984849,0.1971395647867964,0.06571318826226547,0.10535197552588171,11.426022931675325
165,uniform_risk,3,6,mixed,7.683645006765957,2.561215002255319,1.5864907064402398,0.5288302354800799,0.7946160702604512,10.856626419646435
165,explorer_monitor,3,6,mixed,7.683645006765957,2.561215002255319,1.5864907064402398,0.5288302354800799,0.7946160702604512,11.99665519854788
165,all_conservative,3,6,mixed,10.31378221237605,3.4379274041253503,0.9624414201694849,0.3208138067231616,0.44920336161945673,16.08843073339296
166,uniform_risk,3,6,clustered_high,7.6851170787424765,2.561705692914159,0.8615929884065785,0.28719766280219283,0.4137608893260367,9.408303055555635
166,explorer_monitor,3,6,clustered_high,7.6851170787424765,2.561705692914159,0.8615929884065785,0.28719766280219283,0.4137608893260367,9.674274734709307
166,all_conservative,3,6,clustered_high,7.6851170787424765,2.561705692914159,0.8615929884065785,0.28719766280219283,0.4137608893260367,12.854675009181946
167,uniform_risk,3,6,mixed,7.242019946641298,2.4140066488804326,1.3494559911547024,0.44981866371823415,0.5890480861412065,9.940931928950702
167,explorer_monitor,3,6,mixed,7.242019946641298,2.4140066488804326,1.3494559911547024,0.44981866371823415,0.5890480861412065,9.918417178827408
167,all_conservative,3,6,mixed,8.132507841625078,2.710835947208359,0.9494289187313666,0.31647630624378886,0.47714123700454003,13.829081354013278
168,uniform_risk,3,6,clustered_high,8.463076123037379,2.8210253743457927,0.7208700052103311,0.24029000173677703,0.3527473039855426,9.904816133458041
168,explorer_monitor,3,6,clustered_high,8.463076123037379,2.8210253743457927,0.7208700052103311,0.24029000173677703,0.3527473039855426,9.805846474915196
168,all_conservative,3,6,clustered_high,8.463076123037379,2.8210253743457927,0.7208700052103311,0.24029000173677703,0.3527473039855426,12.788296154299367
169,uniform_risk,3,6,mixed,12.335627951816571,4.111875983938857,1.7257081164682884,0.5752360388227628,0.9645702513745175,15.787044184753146
169,explorer_monitor,3,6,mixed,14.961072205173826,4.987024068391276,0.7988932033788498,0.26629773445961663,0.6970574087244603,16.570288832132373
169,all_conservative,3,6,mixed,14.429033464413736,4.8096778214712455,0.7988932033788498,0.26629773445961663,0.6970574087244603,19.222392684686834
170,uniform_risk,3,6,clustered_high,9.251264981205717,3.083754993735239,0.7075970433226483,0.23586568110754944,0.5749568812154883,10.666459067851013
170,explorer_monitor,3,6,clustered_high,9.251264981205717,3.083754993735239,0.7075970433226483,0.23586568110754944,0.5749568812154883,10.125111538031785
170,all_conservative,3,6,clustered_high,9.251264981205717,3.083754993735239,0.7075970433226483,0.23586568110754944,0.5749568812154883,13.496847241141609
171,uniform_risk,3,6,mixed,7.818028241595523,2.6060094138651744,1.0609236126330712,0.35364120421102374,0.6063634079922522,9.939875466861665
171,explorer_monitor,3,6,mixed,7.818028241595523,2.6060094138651744,1.0609236126330712,0.35364120421102374,0.6063634079922522,10.029702555365898
171,all_conservative,3,6,mixed,7.818028241595523,2.6060094138651744,1.0609236126330712,0.35364120421102374,0.6063634079922522,14.18356991739395
172,uniform_risk,3,6,clustered_high,3.8270781756923404,1.2756927252307801,0.6969432318103485,0.23231441060344948,0.45150312264027115,5.220964639313038
172,explorer_monitor,3,6,clustered_high,3.8270781756923404,1.2756927252307801,0.6969432318103485,0.23231441060344948,0.45150312264027115,4.79681221420484
172,all_conservative,3,6,clustered_high,3.8270781756923404,1.2756927252307801,0.6969432318103485,0.23231441060344948,0.45150312264027115,8.008737566554432
173,uniform_risk,3,6,mixed,7.2024922270774425,2.4008307423591475,1.4810603018009194,0.49368676726697314,0.7354290652428307,10.164612830679282
173,explorer_monitor,3,6,mixed,7.2024922270774425,2.4008307423591475,1.4810603018009194,0.49368676726697314,0.7354290652428307,10.226208941527588
173,all_conservative,3,6,mixed,9.733553478253487,3.2445178260844956,0.9016268050342476,0.30054226834474923,0.4765554540892897,15.143314308458972
174,uniform_risk,3,6,clustered_high,8.568770370592482,2.856256790197494,0.7901387231025299,0.26337957436750997,0.4926806646622242,10.149047816797541
174,explorer_monitor,3,6,clustered_high,8.829363433625797,2.9431211445419323,0.7901387231025299,0.26337957436750997,0.4926806646622242,10.92333473977829
174,all_conservative,3,6,clustered_high,9.853273247664003,3.284424415888001,0.5745066556651823,0.19150221855506078,0.2770485972248767,13.300313181655095
175,uniform_risk,3,6,mixed,8.011366262937614,2.6704554209792044,0.7709158611002939,0.25697195370009795,0.5485634003791886,9.553197985138201
175,explorer_monitor,3,6,mixed,8.011366262937614,2.6704554209792044,0.7709158611002939,0.25697195370009795,0.5485634003791886,9.366305460248443
175,all_conservative,3,6,mixed,8.011366262937614,2.6704554209792044,0.7709158611002939,0.25697195370009795,0.5485634003791886,12.636861429539376
176,uniform_risk,3,6,clustered_high,3.853054891314675,1.284351630438225,0.9796005958414079,0.32653353194713597,0.4795739603733346,5.812256082997491
176,explorer_monitor,3,6,clustered_high,4.183733058790429,1.3945776862634762,0.9796005958414079,0.32653353194713597,0.4795739603733346,6.095579041830746
176,all_conservative,3,6,clustered_high,4.463632301073736,1.4878774336912455,0.7839869745685585,0.2613289915228528,0.4795739603733346,9.167554148485088
177,uniform_risk,3,6,mixed,8.57096154175976,2.8569871805865863,1.1061705908119024,0.36872353027063415,0.48749374430436165,10.783302723383564
177,explorer_monitor,3,6,mixed,8.57096154175976,2.8569871805865863,1.1061705908119024,0.36872353027063415,0.48749374430436165,11.017733021189445
177,all_conservative,3,6,mixed,8.57096154175976,2.8569871805865863,1.1061705908119024,0.36872353027063415,0.48749374430436165,15.207985086631174
178,uniform_risk,3,6,clustered_high,5.263950260504597,1.7546500868348656,0.8074137800949157,0.2691379266983052,0.45122839083561084,6.878777820694428
178,explorer_monitor,3,6,clustered_high,5.263950260504597,1.7546500868348656,0.8074137800949157,0.2691379266983052,0.45122839083561084,6.87244781750679
178,all_conservative,3,6,clustered_high,5.263950260504597,1.7546500868348656,0.8074137800949157,0.2691379266983052,0.45122839083561084,10.108432941074092
179,uniform_risk,3,6,mixed,4.023135943491919,1.3410453144973065,0.3375538322725935,0.1125179440908645,0.24739651931519224,4.698243608037107
179,explorer_monitor,3,6,mixed,4.023135943491919,1.3410453144973065,0.3375538322725935,0.1125179440908645,0.24739651931519224,4.503576915454396
179,all_conservative,3,6,mixed,4.578934440474328,1.5263114801581095,0.1702220508329484,0.0567406836109828,0.08006473787554713,5.600266745472019
180,uniform_risk,3,6,clustered_high,8.59487455283632,2.8649581842787732,0.9469218505787728,0.31564061685959094,0.3488114384535237,10.488718253993866
180,explorer_monitor,3,6,clustered_high,8.59487455283632,2.8649581842787732,0.9469218505787728,0.31564061685959094,0.3488114384535237,10.837179125830206
180,all_conservative,3,6,clustered_high,8.59487455283632,2.8649581842787732,0.9469218505787728,0.31564061685959094,0.3488114384535237,14.276405656308956
181,uniform_risk,3,6,mixed,6.990443703238357,2.3301479010794526,0.6959918032189444,0.23199726773964813,0.3947520796201833,8.382427309676245
181,explorer_monitor,3,6,mixed,6.990443703238357,2.3301479010794526,0.6959918032189444,0.23199726773964813,0.3947520796201833,8.573520456060837
181,all_conservative,3,6,mixed,6.990443703238357,2.3301479010794526,0.6959918032189444,0.23199726773964813,0.3947520796201833,11.166394522552023
182,uniform_risk,3,6,clustered_high,8.040335482817264,2.6801118276057547,0.6930841748683574,0.23102805828945247,0.45497720171964245,9.42650383255398
182,explorer_monitor,3,6,clustered_high,8.040335482817264,2.6801118276057547,0.6930841748683574,0.23102805828945247,0.45497720171964245,9.42834517988477
182,all_conservative,3,6,clustered_high,8.040335482817264,2.6801118276057547,0.6930841748683574,0.23102805828945247,0.45497720171964245,12.198840532027408
183,uniform_risk,3,6,mixed,10.605994253195256,3.535331417731752,0.6544526718269968,0.21815089060899895,0.3115766852030555,11.91489959684925
183,explorer_monitor,3,6,mixed,10.605994253195256,3.535331417731752,0.6544526718269968,0.21815089060899895,0.3115766852030555,12.345860674328907
183,all_conservative,3,6,mixed,10.605994253195256,3.535331417731752,0.6544526718269968,0.21815089060899895,0.3115766852030555,14.532710284157238
184,uniform_risk,3,6,clustered_high,6.820664865971633,2.2735549553238776,0.8666548285533275,0.28888494285110916,0.4687104618161169,8.553974523078288
184,explorer_monitor,3,6,clustered_high,6.820664865971633,2.2735549553238776,0.8666548285533275,0.28888494285110916,0.4687104618161169,8.640624939065436
184,all_conservative,3,6,clustered_high,6.820664865971633,2.2735549553238776,0.8666548285533275,0.28888494285110916,0.4687104618161169,12.020593837291598
185,uniform_risk,3,6,mixed,6.010757150883571,2.0035857169611906,0.5736804374006667,0.19122681246688888,0.4752706787616501,7.158118025684905
185,explorer_monitor,3,6,mixed,6.5292103078302235,2.1764034359434077,0.5736804374006667,0.19122681246688888,0.4752706787616501,7.219160215648591
185,all_conservative,3,6,mixed,6.010757150883571,2.0035857169611906,0.5736804374006667,0.19122681246688888,0.4752706787616501,9.452839775287572
186,uniform_risk,3,6,clustered_high,7.386146923310247,2.462048974436749,0.5575717726962613,0.18585725756542046,0.3662012050613564,8.50129046870277
186,explorer_monitor,3,6,clustered_high,7.386146923310247,2.462048974436749,0.5575717726962613,0.18585725756542046,0.3662012050613564,9.138804960715657
186,all_conservative,3,6,clustered_high,7.386146923310247,2.462048974436749,0.5575717726962613,0.18585725756542046,0.3662012050613564,10.731577559487814
187,uniform_risk,3,6,mixed,8.438242052260783,2.8127473507535945,1.1336471168518525,0.37788237228395083,0.38749084018073565,10.705536285964488
187,explorer_monitor,3,6,mixed,8.438242052260783,2.8127473507535945,1.1336471168518525,0.37788237228395083,0.38749084018073565,11.06071813030699
187,all_conservative,3,6,mixed,8.438242052260783,2.8127473507535945,1.1336471168518525,0.37788237228395083,0.38749084018073565,15.240124753371898
188,uniform_risk,3,6,clustered_high,9.995412824101287,3.331804274700429,0.7178861199794841,0.23929537332649473,0.43674638879028616,11.431185064060255
188,explorer_monitor,3,6,clustered_high,10.020259322974022,3.3400864409913407,0.7178861199794841,0.23929537332649473,0.43674638879028616,11.912000083886204
188,all_conservative,3,6,clustered_high,12.088884532607953,4.029628177535984,0.3305165245134642,0.1101721748378214,0.24570275071413705,14.071983679688737
189,uniform_risk,3,6,mixed,7.191808531262611,2.39726951042087,0.9447229767124489,0.3149076589041496,0.7251719328091889,9.08125448468751
189,explorer_monitor,3,6,mixed,7.191808531262611,2.39726951042087,0.9447229767124489,0.3149076589041496,0.7251719328091889,8.713878335136155
189,all_conservative,3,6,mixed,7.191808531262611,2.39726951042087,0.9447229767124489,0.3149076589041496,0.7251719328091889,12.860146391537304
190,uniform_risk,3,6,clustered_high,7.867820890439892,2.622606963479964,0.8550553043614896,0.2850184347871632,0.3820921839521856,9.57793149916287
190,explorer_monitor,3,6,clustered_high,7.510542695436696,2.503514231812232,1.0465801145420335,0.34886003818067784,0.49573149530906346,9.87215579711607
190,all_conservative,3,6,clustered_high,7.867820890439892,2.622606963479964,0.8550553043614896,0.2850184347871632,0.3820921839521856,12.998152716608828
191,uniform_risk,3,6,mixed,5.703560426627986,1.9011868088759953,1.0239717865384967,0.3413239288461656,0.7263132783372915,7.751503999704979
191,explorer_monitor,3,6,mixed,5.703560426627986,1.9011868088759953,1.0239717865384967,0.3413239288461656,0.7263132783372915,7.068593464282887
191,all_conservative,3,6,mixed,7.92897522049658,2.642991740165527,0.5979924699293788,0.19933082330979293,0.3003339617281736,11.516930040072852
192,uniform_risk,3,6,clustered_high,16.91199595579293,5.63733198526431,0.5620284181602964,0.18734280605343212,0.36713297693878993,18.03605279211352
192,explorer_monitor,3,6,clustered_high,17.55523682580167,5.851745608600557,0.5620284181602964,0.18734280605343212,0.36713297693878993,18.404065806468843
192,all_conservative,3,6,clustered_high,16.91199595579293,5.63733198526431,0.5620284181602964,0.18734280605343212,0.36713297693878993,20.284166464754705
193,uniform_risk,3,6,mixed,16.721420554687533,5.573806851562511,1.1387160539056362,0.3795720179685454,0.5951321912948403,18.998852662498805
193,explorer_monitor,3,6,mixed,16.773188729398967,5.591062909799656,1.367893017023345,0.45596433900778166,0.7315785735649414,18.859760694207843
193,all_conservative,3,6,mixed,16.721420554687533,5.573806851562511,1.1387160539056362,0.3795720179685454,0.5951321912948403,23.55371687812135
194,uniform_risk,3,6,clustered_high,4.6877803439953665,1.5625934479984556,0.8661563067083694,0.2887187689027898,0.3869125682781283,6.4200929574121055
194,explorer_monitor,3,6,clustered_high,4.6877803439953665,1.5625934479984556,0.8661563067083694,0.2887187689027898,0.3869125682781283,6.779793484952174
194,all_conservative,3,6,clustered_high,5.627723255836874,1.8759077519456246,0.5772933886268514,0.1924311295422838,0.27964808865677016,9.091483587597983
195,uniform_risk,3,6,mixed,7.890857347085323,2.6302857823617742,0.5310700820370469,0.1770233606790156,0.37382079032056936,8.952997511159417
195,explorer_monitor,3,6,mixed,7.890857347085323,2.6302857823617742,0.5310700820370469,0.1770233606790156,0.37382079032056936,8.668931822701595
195,all_conservative,3,6,mixed,7.890857347085323,2.6302857823617742,0.5310700820370469,0.1770233606790156,0.37382079032056936,11.077277839307603
196,uniform_risk,3,6,clustered_high,8.007355665867554,2.6691185552891845,0.5089851003704691,0.1696617001234897,0.3089823881956989,9.025325866608492
196,explorer_monitor,3,6,clustered_high,8.007355665867554,2.6691185552891845,0.5089851003704691,0.1696617001234897,0.3089823881956989,9.21331015957212
196,all_conservative,3,6,clustered_high,8.007355665867554,2.6691185552891845,0.5089851003704691,0.1696617001234897,0.3089823881956989,11.061266268090368
197,uniform_risk,3,6,mixed,7.134561009970906,2.378187003323635,1.0891506191535312,0.3630502063845104,0.5315606451632132,9.312862248277968
197,explorer_monitor,3,6,mixed,7.134561009970906,2.378187003323635,1.0891506191535312,0.3630502063845104,0.5315606451632132,8.98050902679983
197,all_conservative,3,6,mixed,10.182890230840725,3.394296743613575,0.5766682979245122,0.19222276597483742,0.4579862621477807,13.642900018387799
198,uniform_risk,3,6,clustered_high,8.929286540139891,2.976428846713297,1.1095219026586616,0.3698406342195539,0.48912213362227314,11.148330345457214
198,explorer_monitor,3,6,clustered_high,8.929286540139891,2.976428846713297,1.1095219026586616,0.3698406342195539,0.48912213362227314,10.939402056463146
198,all_conservative,3,6,clustered_high,8.929286540139891,2.976428846713297,1.1095219026586616,0.3698406342195539,0.48912213362227314,15.58641795609186
199,uniform_risk,3,6,mixed,8.977715736591767,2.992571912197256,0.9856047168571129,0.32853490561903764,0.541353826851015,10.948925170305992
199,explorer_monitor,3,6,mixed,8.977715736591767,2.992571912197256,0.9856047168571129,0.32853490561903764,0.541353826851015,11.431669468786442
199,all_conservative,3,6,mixed,8.977715736591767,2.992571912197256,0.9856047168571129,0.32853490561903764,0.541353826851015,14.891344037734443
