t,nis,ewma,cusum,alarm,safe_mode,vo_trust,lambda_eff,p_fail_k,abort_pred
0.0,0.07820283005166061,0.07820283005166061,0.0,0.0,0.0,1.0,0.2,0.004396187442095197,0
1.0,1.8217806406449792,0.11307438626352696,1.321780640644979,0.0,0.0,1.0,0.2,0.007918704207462712,0
2.0,2.1152084887812803,0.15311706831388203,2.9369891294262596,0.0,0.0,1.0,0.2,0.002058594086384153,0
3.0,0.2260889679225065,0.15457650630605455,2.6630780973487655,0.0,0.0,1.0,0.2,0.0021476001435528956,0
4.0,0.9572494520056984,0.1706299652200474,3.1203275493544647,0.0,0.0,1.0,0.2,0.002325257087029005,0
5.0,6.075812481097574,0.2887336155375979,8.696140030452039,0.0,0.0,1.0,0.2,0.004112645283548949,0
6.0,7.317658366408181,0.4293121105550096,15.51379839686022,0.0,0.0,1.0,0.2,0.0024114199700477263,0
7.0,4.683472018816925,0.514395308720248,19.697270415677146,0.0,0.0,1.0,0.2,0.0008662901129128274,0
8.0,3.989761108619784,0.5839026247182385,23.187031524296927,0.0,0.0,1.0,0.2,0.0004279475958485955,0
9.0,3.839429603523139,0.6490131642943364,26.52646112782007,0.0,0.0,1.0,0.2,0.00026326561348773907,0
10.0,1.9507729729477468,0.6750483604674046,27.977234100767816,0.0,0.0,1.0,0.2,0.00020121960674363273,0
11.0,0.05206534009872743,0.662588700060031,27.529299440866545,0.0,0.0,1.0,0.2,0.00021874729899515417,0
12.0,0.2330729712158274,0.6539983854831469,27.262372412082367,0.0,0.0,1.0,0.2,0.0002679167816112875,0
13.0,1.4050091833507072,0.6690186014404982,28.16738159543308,0.0,0.0,1.0,0.2,0.0003181611998942266,0
14.0,1.7128720581264767,0.6898956705742177,29.38025365355956,0.0,0.0,1.0,0.2,0.0003638186379293249,0
15.0,0.1047816218168256,0.6781933895990697,28.985035275376383,0.0,0.0,1.0,0.2,0.0004605442620614416,0
16.0,1.1713593595388008,0.6880567089978644,29.656394634915184,0.0,0.0,1.0,0.2,0.0007440537685477036,0
17.0,0.1928006605547344,0.6781515880290018,29.34919529546992,0.0,0.0,1.0,0.2,0.001325674031530945,0
18.0,3.3778778351041407,0.7321461129705047,32.22707313057406,0.0,0.0,1.0,0.2,0.0024604038042763702,0
19.0,0.40517187631859375,0.7256066282374662,32.132245006892646,0.0,0.0,1.0,0.2,0.005428603239150749,0
20.0,2.12872879541732,0.7536690715810633,33.76097380230997,0.0,0.0,1.0,0.2,0.01139832012752916,0
21.0,6.38649765103672,0.8663256431701764,39.64747145334669,0.0,0.0,1.0,0.2,0.017450009727605832,0
22.0,1.7877291231287944,0.8847537127693487,40.93520057647548,0.0,0.0,1.0,0.2,0.01617629351351084,0
23.0,0.070241976066768,0.8684634780352973,40.50544255254225,0.0,0.0,1.0,0.2,0.016108088057443508,0
24.0,0.3378367371874757,0.8578509432183407,40.34327928972972,0.0,0.0,1.0,0.2,0.015460166851374068,0
25.0,7.592943388220432,0.9925527921183824,47.43622267795016,0.0,0.0,1.0,0.2,0.024158429797873353,0
26.0,3.01221761199406,1.032946088515896,49.948440289944216,0.0,0.0,1.0,0.2,0.014691549687613973,0
27.0,2.7878600465420975,1.06804436767642,52.23630033648632,0.0,0.0,1.0,0.2,0.010285509957850308,0
28.0,2.4456401049544745,1.0955962824219811,54.181940441440794,0.0,0.0,1.0,0.2,0.00805709909011771,0
29.0,2.581629749136567,1.1253169517562729,56.26357019057736,0.0,0.0,1.0,0.2,0.0066323311272899355,0
30.0,3.8759078846943034,1.1803287704150336,59.63947807527165,0.0,0.0,1.0,0.2,0.005261901768957251,0
31.0,1.6977717030146886,1.1906776290670265,60.837249778286335,0.0,0.0,1.0,0.2,0.004525508685504084,0
32.0,0.23053337122936104,1.171474743910273,60.567783149515705,0.0,0.0,1.0,0.2,0.0046915382236500875,0
33.0,0.690704824553123,1.16185934552313,60.75848797406882,0.0,0.0,1.0,0.2,0.006278819093948251,0
34.0,0.7512152001528427,1.1536464626157243,61.00970317422167,0.0,0.0,1.0,0.2,0.008230752448689087,0
35.0,1.8042403916656755,1.1666583411967235,62.31394356588734,0.0,0.0,1.0,0.2,0.012913963449312204,0
36.0,6.031002476355932,1.2639452238999076,67.84494604224328,0.0,0.0,1.0,0.2,0.018272455880924354,0
37.0,2.4422404757306486,1.2875111289365224,69.78718651797392,0.0,0.0,1.0,0.2,0.018253791416152895,0
38.0,1.2676492561074193,1.2871138914799403,70.55483577408134,0.0,0.0,1.0,0.2,0.019729290301691692,0
39.0,2.3396544196996767,1.3081647020443348,72.39449019378102,0.0,0.0,1.0,0.2,0.026492041981408518,0
40.0,4.531276568763817,1.3726269393787247,76.42576676254485,0.0,0.0,1.0,0.2,0.025002531992124672,0
41.0,1.1866007444904447,1.3689064154809587,77.11236750703527,0.0,0.0,1.0,0.2,0.025724859657906274,0
42.0,2.3697382071628104,1.3889230513145958,78.98210571419811,0.0,0.0,1.0,0.2,0.02771544023361458,0
43.0,0.9127250849610665,1.3793990919875252,79.39483079915917,0.0,0.0,1.0,0.2,0.02991303141729546,0
44.0,1.0180295947417275,1.3721717020426094,79.91286039390091,0.0,0.0,1.0,0.2,0.03398624911739307,0
45.0,0.8938766287866627,1.3626058005774904,80.30673702268756,0.0,0.0,1.0,0.2,0.03637290114639302,0
46.0,0.8887777612146458,1.3531292397902335,80.6955147839022,0.0,0.0,1.0,0.2,0.0396906400600743,0
47.0,5.747671554720869,1.4410200860888462,85.94318633862305,0.0,0.0,1.0,0.2,0.053312424597390315,0
48.0,0.6499382969493883,1.425198450306057,86.09312463557245,0.0,0.0,1.0,0.2,0.05243834214689568,0
49.0,2.396357766253292,1.4446216366250015,87.98948240182574,0.0,0.0,1.0,0.2,0.06276200252247292,0
50.0,0.4519379861674001,1.42476796361585,87.94142038799313,0.0,0.0,1.0,0.2,0.08680453432767983,0
51.0,2.0939702975621888,1.4381520102947767,89.53539068555533,0.0,0.0,1.0,0.2,0.08992706500697836,0
52.0,0.17337670546063366,1.4128565041980938,89.20876739101597,0.0,0.0,1.0,0.2,0.10613420169194923,0
53.0,0.030569692319496144,1.385210767960522,88.73933708333547,0.0,0.0,1.0,0.2,0.13337215166330185,0
54.0,0.6899900829084389,1.3713063542594803,88.92932716624391,0.0,0.0,1.0,0.2,0.16901370580086647,0
55.0,2.040688982392219,1.3846940068221347,90.47001614863613,0.0,0.0,1.0,0.2,0.17590433657864846,0
56.0,1.9657111923475985,1.396314350532644,91.93572734098372,0.0,0.0,1.0,0.2,0.18541484255268245,0
57.0,0.06470333081844098,1.36968213013836,91.50043067180218,0.0,0.0,1.0,0.2,0.19448267339957923,0
58.0,0.2331311637067208,1.3469511108097272,91.23356183550888,0.0,0.0,1.0,0.2,0.20617931863786354,0
59.0,7.738907402585026,1.4747902366452332,98.47246923809392,0.0,0.0,1.0,0.2,0.3684495781594613,0
60.0,0.1818337613992812,1.4489311071403144,98.1543029994932,0.0,0.0,1.0,0.2,0.3304730598189622,0
61.0,1.0540254006725456,1.4410329930109589,98.70832840016574,0.0,0.0,1.0,0.2,0.34353061170386934,0
62.0,0.7739239843668995,1.4276908128380776,98.98225238453264,0.0,0.0,1.0,0.2,0.3121201692790308,0
63.0,0.46259212292120744,1.4083888390397403,98.94484450745384,0.0,0.0,1.0,0.2,0.3014988227381173,0
64.0,0.6852275300328685,1.3939256128596027,99.13007203748673,0.0,0.0,1.0,0.2,0.3046574474267016,0
65.0,0.41781576586273367,1.3744034159196656,99.04788780334945,0.0,0.0,1.0,0.2,0.2969653829573381,0
66.0,1.4292535486082265,1.3755004185734367,99.97714135195768,0.0,0.0,1.0,0.2,0.30604824058403624,0
67.0,0.6077075348730412,1.3601445608994287,100.08484888683071,0.0,0.0,1.0,0.2,0.29356219224234775,0
68.0,6.0404743613240255,1.4537511569079204,105.62532324815474,0.0,0.0,1.0,0.2,0.3725833971478408,0
69.0,0.19924316026585337,1.4286609969750788,105.3245664084206,0.0,0.0,1.0,0.2,0.34270391706491093,0
70.0,0.5399925767193948,1.4108876285699652,105.36455898514,0.0,0.0,1.0,0.2,0.35887581523551615,0
71.0,0.16456279170286586,1.3859611318326233,105.02912177684284,0.0,0.0,1.0,0.2,0.37510299146477827,0
72.0,0.5618994044731132,1.3694798972854327,105.09102118131597,0.0,0.0,1.0,0.2,0.3850792744279448,0
73.0,6.79711343482189,1.478032568036162,111.38813461613786,0.0,0.0,1.0,0.2,0.5066472083004765,0
74.0,0.36196676058820887,1.455711251887203,111.25010137672606,0.0,0.0,1.0,0.2,0.3845962951882054,0
75.0,3.126115508274416,1.4891193370149471,113.87621688500047,0.0,0.0,1.0,0.2,0.3537351743426527,0
76.0,1.6554885146302738,1.492446720567254,115.03170539963077,0.0,0.0,1.0,0.2,0.30645968215876446,0
77.0,0.46309952344923394,1.4718597766248935,114.99480492307998,0.0,0.0,1.0,0.2,0.2759233602323656,0
78.0,1.9339049451198251,1.481100679994792,116.4287098681998,1.0,1.0,0.05,0.55,0.873902229850866,1
79.0,0.07231729513484365,1.4529250122975927,116.00102716333464,1.0,1.0,0.05,0.55,0.9175315716939784,1
80.0,0.4173776028389287,1.4322140641084196,115.91840476617357,1.0,1.0,0.05,0.55,0.9472332097471841,1
81.0,0.44761040431652094,1.412521990912582,115.86601517049009,1.0,1.0,0.05,0.55,0.967333997349198,1
82.0,0.8274877526147866,1.400821306146626,116.19350292310487,1.0,1.0,0.05,0.55,0.9790727324370597,1
83.0,2.436762307253904,1.4215401261687715,118.13026523035876,1.0,1.0,0.05,0.55,0.9820257130439131,1
84.0,1.1620396157444437,1.4163501159602847,118.79230484610322,1.0,1.0,0.05,0.55,0.9840301972090009,1
85.0,3.860428460487215,1.4652316828508236,122.15273330659043,1.0,1.0,0.05,0.55,0.9878799627762122,1
86.0,0.034088649017914266,1.4366088221741655,121.68682195560837,1.0,1.0,0.05,0.55,0.9885513468882706,1
87.0,1.1809038871443087,1.4314947234735684,122.36772584275266,1.0,1.0,0.05,0.55,0.9905818252062042,1
88.0,2.2427608863870256,1.4477200467318376,124.11048672913968,1.0,1.0,0.05,0.55,0.9861268458501335,1
89.0,2.634378757793949,1.47145322095308,126.24486548693363,1.0,1.0,0.05,0.55,0.9839679673796755,1
90.0,1.2262780691621755,1.466549717917262,126.97114355609583,1.0,1.0,0.05,0.55,0.9791191660794769,1
91.0,0.06415839234395067,1.4385018914057957,126.53530194843978,1.0,1.0,0.05,0.55,0.9726223995198853,1
92.0,0.8173737063143982,1.4260793277039676,126.85267565475417,1.0,1.0,0.05,0.55,0.9467517236855675,1
93.0,0.6355560972441481,1.4102688630947713,126.98823175199831,1.0,1.0,0.05,0.55,0.9470902765800763,1
94.0,1.1817595759560875,1.4056986773519975,127.66999132795442,1.0,1.0,0.05,0.55,0.9432700823247677,1
95.0,3.4742552157644724,1.447069808120247,130.6442465437189,1.0,1.0,0.05,0.55,0.9494904111039708,1
96.0,1.5338294694948973,1.44880500134774,131.6780760132138,1.0,1.0,0.05,0.55,0.9450765592373079,1
97.0,4.764925517061545,1.515127411662016,135.94300153027535,1.0,1.0,0.05,0.55,0.9553125734809204,1
98.0,0.8325858218146692,1.501476579865069,136.27558735209,1.0,1.0,0.05,0.55,0.9507189120357983,1
99.0,3.8752929235936255,1.54895290673964,139.65088027568365,1.0,1.0,0.05,0.55,0.951849300610015,1
100.0,1.3962089253743284,1.545898027112334,140.547089201058,1.0,1.0,0.05,0.55,0.9407438485660434,1
101.0,2.926544484396256,1.5735109562580123,142.97363368545425,1.0,1.0,0.05,0.55,0.9268928806649346,1
102.0,0.5222160208682881,1.5524850575502178,142.99584970632253,1.0,1.0,0.05,0.55,0.9192197105446291,1
103.0,0.11042922075340444,1.5236439408142815,142.60627892707595,1.0,1.0,0.05,0.55,0.9234533714384063,1
104.0,0.3430887936998078,1.500032837871992,142.44936772077577,1.0,1.0,0.05,0.55,0.9276514482133983,1
105.0,0.5053287888198873,1.48013875689095,142.45469650959566,1.0,1.0,0.05,0.55,0.9307470099439054,1
106.0,0.2594545285775572,1.455725072324682,142.2141510381732,1.0,1.0,0.05,0.55,0.9329204683634277,1
107.0,0.251300541383628,1.4316365817058607,141.96545157955683,1.0,1.0,0.05,0.55,0.9422085858925492,1
108.0,1.010261989803431,1.4232090898678122,142.47571356936027,1.0,1.0,0.05,0.55,0.9517886354402033,1
109.0,0.7339991304768304,1.4094248906799924,142.70971269983707,1.0,1.0,0.05,0.55,0.9616628863340947,1
110.0,1.6514750541162124,1.4142658939487167,143.86118775395332,1.0,1.0,0.05,0.55,0.967878552043734,1
111.0,0.6314458604887743,1.398609493279518,143.99263361444207,1.0,1.0,0.05,0.55,0.9724007910907518,1
112.0,0.703492963942312,1.3847071626927738,144.19612657838442,1.0,1.0,0.05,0.55,0.9687360111605898,1
113.0,0.5172229049667028,1.3673574775382524,144.21334948335112,1.0,1.0,0.05,0.55,0.9703715114772775,1
114.0,5.227333635116563,1.4445570006898183,148.9406831184677,1.0,1.0,0.05,0.55,0.9810384521867321,1
115.0,0.37176520615663455,1.4231011647991547,148.8124483246243,1.0,1.0,0.05,0.55,0.9781775950051479,1
116.0,5.558594252076185,1.5058110265446956,153.8710425767005,1.0,1.0,0.05,0.55,0.98510139528473,1
117.0,1.4681156195761396,1.5050571184053243,154.83915819627663,1.0,1.0,0.05,0.55,0.979724207456481,1
118.0,2.4784607241447127,1.524525190520112,156.81761892042135,1.0,1.0,0.05,0.55,0.9741726187734003,1
119.0,5.3886630939950475,1.6018079485896108,161.7062820144164,1.0,1.0,0.05,0.55,0.9711139907912443,1
120.0,1.40169915484629,1.5978057727147443,162.60798116926267,1.0,1.0,0.05,0.55,0.9542557703770459,1
121.0,7.34165075273289,1.7126826723151072,169.44963192199555,1.0,1.0,0.05,0.55,0.953111876124907,1
122.0,0.36698041527190106,1.6857686271742427,169.31661233726743,1.0,1.0,0.05,0.55,0.9215613005644712,1
123.0,2.36727048868051,1.699398664404368,171.18388282594796,1.0,1.0,0.05,0.55,0.9013328286657319,1
124.0,1.8659752372508052,1.7027301958612968,172.54985806319877,1.0,1.0,0.05,0.55,0.8788068823632718,1
125.0,0.11760341889959022,1.6710276603220626,172.16746148209836,1.0,1.0,0.05,0.55,0.8785946421007388,1
126.0,0.6279542378783817,1.6501661918731887,172.29541571997675,1.0,1.0,0.05,0.55,0.8873589653251712,1
127.0,2.063440495126226,1.6584316779382495,173.85885621510295,1.0,1.0,0.05,0.55,0.9044155779995855,1
128.0,4.908505414427686,1.7234331526680382,178.26736162953063,1.0,1.0,0.05,0.55,0.9287852306726246,1
129.0,2.770896562677704,1.7443824208682315,180.5382581922084,1.0,1.0,0.05,0.55,0.9376904230682492,1
130.0,1.9574755584811057,1.7486442836204887,181.99573375068945,1.0,1.0,0.05,0.55,0.9450273782344538,1
131.0,1.8592955224615964,1.7508573083973111,183.35502927315105,1.0,1.0,0.05,0.55,0.9535609292139086,1
132.0,2.4803643268431848,1.7654474487662286,185.33539359999423,1.0,1.0,0.05,0.55,0.9617563887660185,1
133.0,6.1284953614527184,1.8527084070199584,190.9638889614469,1.0,1.0,0.05,0.55,0.974043517575451,1
134.0,0.8171321533435245,1.8319968819464296,191.2810211147905,1.0,1.0,0.05,0.55,0.9726631728522321,1
135.0,2.763650894680734,1.850629962201116,193.5446720094712,1.0,1.0,0.05,0.55,0.9739447117690593,1
136.0,0.41123286153635913,1.8218420201878205,193.45590487100756,1.0,1.0,0.05,0.55,0.9651635085621424,1
137.0,2.300455319601912,1.8314142861761025,195.25636019060943,1.0,1.0,0.05,0.55,0.9612157858048231,1
138.0,0.7693222711293045,1.8101724458751665,195.5256824617388,1.0,1.0,0.05,0.55,0.9624614481843597,1
139.0,3.9933721538077576,1.853836440033818,199.0190546155465,1.0,1.0,0.05,0.55,0.966584027146038,1
140.0,6.630673707432122,1.949373185381784,205.14972832297863,1.0,1.0,0.05,0.55,0.970046316251376,1
141.0,0.2771100532931676,1.915927922740012,204.92683837627183,1.0,1.0,0.05,0.55,0.967052857153037,1
142.0,0.22240758188066553,1.8820575159228248,204.64924595815248,1.0,1.0,0.05,0.55,0.9752627780067115,1
143.0,0.37580593384117994,1.851932484281192,204.52505189199368,1.0,1.0,0.05,0.55,0.980569637855063,1
144.0,1.8961500755444252,1.8528168361064563,205.92120196753808,1.0,1.0,0.05,0.55,0.9844002971015723,1
145.0,1.8376392746130497,1.852513284876588,207.2588412421512,1.0,1.0,0.05,0.55,0.9869854065771477,1
146.0,0.9160763754191265,1.8337845466874387,207.6749176175703,1.0,1.0,0.05,0.55,0.9895824206237401,1
147.0,8.276791474331342,1.9626446852403168,215.4517090919016,1.0,1.0,0.05,0.55,0.9950445777975372,1
148.0,0.8179629965968563,1.939751051467448,215.76967208849848,1.0,1.0,0.05,0.55,0.9936147942468608,1
149.0,0.29341476943311234,1.9068243258267608,215.5630868579316,1.0,1.0,0.05,0.55,0.9933767579431145,1
150.0,0.5418896149858681,1.879525631609943,215.60497647291743,1.0,1.0,0.05,0.55,0.9939556893170893,1
151.0,0.3452631047189602,1.8488403810721232,215.4502395776364,1.0,1.0,0.05,0.55,0.9943136237469605,1
152.0,2.47890120325316,1.861441597515744,217.4291407808896,1.0,1.0,0.05,0.55,0.9953255105660556,1
153.0,4.505764839000484,1.9143280623454384,221.43490561989003,1.0,1.0,0.05,0.55,0.9961603196434238,1
154.0,1.2172025296189275,1.9003855516909085,222.15210814950896,1.0,1.0,0.05,0.55,0.9962957283813345,1
155.0,1.439918847473617,1.8911762176065627,223.0920269969826,1.0,1.0,0.05,0.55,0.9956566388537295,1
156.0,1.4685093952249284,1.88272288115893,224.06053639220755,1.0,1.0,0.05,0.55,0.995088701006583,1
157.0,0.1363901567501312,1.847796226670754,223.6969265489577,1.0,1.0,0.05,0.55,0.9947624097498907,1
158.0,1.0824500545160014,1.8324893032276592,224.27937660347368,1.0,1.0,0.05,0.55,0.9949499209208786,1
159.0,0.15100606848634604,1.798859638532833,223.93038267196,1.0,1.0,0.05,0.55,0.9955329656002069,1
160.0,0.47570667571399705,1.7723965792764562,223.906089347674,1.0,1.0,0.05,0.55,0.9961157376954597,1
161.0,1.5849504974170476,1.768647657639268,224.99103984509108,1.0,1.0,0.05,0.55,0.9966491658941875,1
162.0,0.4124277439501417,1.7415232593654855,224.9034675890412,1.0,1.0,0.05,0.55,0.9935180074119471,1
163.0,1.0391458610629647,1.727475711399435,225.44261345010415,1.0,1.0,0.05,0.55,0.9934249676370284,1
164.0,4.046208138443078,1.7738503599403077,228.98882158854727,1.0,1.0,0.05,0.55,0.9947232834919134,1
165.0,1.7217155708996832,1.7728076641594952,230.21053715944691,1.0,1.0,0.05,0.55,0.9941726512740885,1
166.0,0.41959322403553206,1.745743375357016,230.13013038348248,1.0,1.0,0.05,0.55,0.9938899324615258,1
167.0,0.7441578743136849,1.7257116653361493,230.37428825779617,1.0,1.0,0.05,0.55,0.994232157610449,1
168.0,0.6610711011395863,1.704418854052218,230.53535935893572,1.0,1.0,0.05,0.55,0.9930544814013176,1
169.0,1.5722111414551871,1.7017746998002774,231.60757050039092,1.0,1.0,0.05,0.55,0.9931048150030833,1
170.0,1.0804714124759751,1.6893486340537915,232.1880419128669,1.0,1.0,0.05,0.55,0.9929062129864401,1
171.0,11.107492464862839,1.8777115106699729,242.79553437772975,1.0,1.0,0.05,0.55,0.9986228398225697,1
172.0,5.339104743592506,1.9469393753284232,247.63463912132227,1.0,1.0,0.05,0.55,0.997638681961593,1
173.0,5.237798190774197,2.0127565516373385,252.37243731209648,1.0,1.0,0.05,0.55,0.996065131361091,1
174.0,1.7876061879754843,2.0082535443641008,253.660043500072,1.0,1.0,0.05,0.55,0.992403810381629,1
175.0,1.8933624433042475,2.0059557223429043,255.0534059433762,1.0,1.0,0.05,0.55,0.9882745406794701,1
176.0,4.711969238297252,2.060075992661991,259.26537518167345,1.0,1.0,0.05,0.55,0.9847903873327604,1
177.0,4.41623472525984,2.107199167313948,263.18160990693326,1.0,1.0,0.05,0.55,0.9767921162128956,1
178.0,1.4220056572460067,2.093495297112589,264.1036155641793,1.0,1.0,0.05,0.55,0.9688484588451223,1
179.0,1.290473103602216,2.0774348532423814,264.8940886677815,1.0,1.0,0.05,0.55,0.9676853291002269,1
180.0,0.8977191544114853,2.053840539265764,265.29180782219294,1.0,1.0,0.05,0.55,0.9672604364753046,1
181.0,1.466295662427887,2.042089641729006,266.2581034846209,1.0,1.0,0.05,0.55,0.9683960868036842,1
182.0,3.570620505978943,2.072660259014005,269.3287239905998,1.0,1.0,0.05,0.55,0.9735731349966688,1
183.0,1.7941986371468883,2.067091026576662,270.62292262774673,1.0,1.0,0.05,0.55,0.9794155313098485,1
184.0,1.958042048196832,2.0649100470090658,272.0809646759436,1.0,1.0,0.05,0.55,0.9878407051365196,1
185.0,0.5130610383345026,2.0338730668355742,272.0940257142781,1.0,1.0,0.05,0.55,0.9947557355885195,1
186.0,0.9148631078741952,2.011492867656347,272.50888882215224,1.0,1.0,0.05,0.55,0.9940322522789345,1
187.0,0.5389682474940174,1.9820423752531,272.5478570696463,1.0,1.0,0.05,0.55,0.9955279645135295,1
188.0,4.010619148893037,2.022613910725899,276.05847621853934,1.0,1.0,0.05,0.55,0.9963840893974725,1
189.0,4.104657494891799,2.064254782409217,279.66313371343114,1.0,1.0,0.05,0.55,0.9969604472110802,1
190.0,0.10650786920548408,2.025099844145142,279.2696415826366,1.0,1.0,0.05,0.55,0.9972762545579925,1
191.0,3.7475699608029673,2.0595492464782987,282.5172115434396,1.0,1.0,0.05,0.55,0.997596429326367,1
192.0,4.279845509605794,2.103955171740848,286.2970570530454,1.0,1.0,0.05,0.55,0.9975850040072016,1
193.0,0.45812665573398703,2.071038601420711,286.2551837087794,1.0,1.0,0.05,0.55,0.9972067816597638,1
194.0,0.5306147277194189,2.040230123946685,286.2857984364988,1.0,1.0,0.05,0.55,0.997138483375292,1
195.0,4.377843454570425,2.0869823905591605,290.16364189106923,1.0,1.0,0.05,0.55,0.9973812726755384,1
196.0,0.5847120408542561,2.0569369835650626,290.2483539319235,1.0,1.0,0.05,0.55,0.99719469398761,1
197.0,1.077702828392741,2.0373523004616163,290.82605676031613,1.0,1.0,0.05,0.55,0.9972955275901947,1
198.0,0.3094976514085358,2.002795207480555,290.63555441172474,1.0,1.0,0.05,0.55,0.9973760742071918,1
199.0,4.451358341593872,2.0517664701628213,294.5869127533186,1.0,1.0,0.05,0.55,0.9978839056602794,1
200.0,5.2373485685239585,2.115478112130044,299.32426132184247,1.0,1.0,0.05,0.55,0.9978932101873748,1
201.0,2.0527782137083803,2.1142241141616105,300.87703953555086,1.0,1.0,0.05,0.55,0.9974719656118325,1
202.0,1.7696913751944323,2.1073334593822666,302.14673091074536,1.0,1.0,0.05,0.55,0.997373302401487,1
203.0,4.946863979105054,2.1641240697767223,306.5935948898504,1.0,1.0,0.05,0.55,0.9977190525546912,1
204.0,0.42516543739050133,2.1293448971289974,306.5187603272409,1.0,1.0,0.05,0.55,0.9975268870401495,1
205.0,2.136533791231425,2.1294886750110464,308.15529411847234,1.0,1.0,0.05,0.55,0.9972612860659023,1
206.0,0.6114660668351567,2.0991282228475288,308.2667601853075,1.0,1.0,0.05,0.55,0.9974476861850229,1
207.0,7.348798780037443,2.204121633991327,315.11555896534486,1.0,1.0,0.05,0.55,0.9982850449844995,1
208.0,1.350229820233302,2.1870437977161665,315.96578878557824,1.0,1.0,0.05,0.55,0.9975290556068757,1
209.0,1.3777529538640612,2.1708579808391244,316.8435417394423,1.0,1.0,0.05,0.55,0.9972606299331988,1
210.0,2.0077559207325746,2.1675959396369926,318.35129766017485,1.0,1.0,0.05,0.55,0.9973023122647933,1
211.0,1.7478320989396776,2.1592006628230465,319.59912975911453,1.0,1.0,0.05,0.55,0.9971189731712544,1
212.0,0.33294915417786564,2.122675632650143,319.4320789132924,1.0,1.0,0.05,0.55,0.9974606758767323,1
213.0,2.8278270538218715,2.1367786610735777,321.75990596711426,1.0,1.0,0.05,0.55,0.9979736634116249,1
214.0,0.16297776864862595,2.0973026432250785,321.42288373576287,1.0,1.0,0.05,0.55,0.9984777355172956,1
215.0,5.925895177421998,2.173874493909017,326.84877891318484,1.0,1.0,0.05,0.55,0.9989683298094922,1
216.0,2.187084019758296,2.174138684426002,328.53586293294313,1.0,1.0,0.05,0.55,0.9989090950664404,1
217.0,0.6634484586583588,2.1439248799106494,328.6993113916015,1.0,1.0,0.05,0.55,0.9989842283715727,1
218.0,1.707695934747655,2.1352003010073894,329.9070073263492,1.0,1.0,0.05,0.55,0.9990215696167353,1
219.0,1.0372235440294195,2.1132407658678303,330.44423087037853,1.0,1.0,0.05,0.55,0.9989802806045367,1
220.0,4.159666743454095,2.1541692854195555,334.10389761383266,1.0,1.0,0.05,0.55,0.9991665784876074,1
221.0,0.22378293291000728,2.1155615583693645,333.8276805467426,1.0,1.0,0.05,0.55,0.9991720540042462,1
222.0,0.7744946033763299,2.088740219269504,334.102175150119,1.0,1.0,0.05,0.55,0.9989384243346879,1
223.0,1.909136422382364,2.0851481433317614,335.51131157250137,1.0,1.0,0.05,0.55,0.9989465472278372,1
224.0,2.113489411236457,2.0857149686898553,337.1248009837378,1.0,1.0,0.05,0.55,0.9989437201419735,1
225.0,0.5947682327991464,2.055896033972041,337.21956921653697,1.0,1.0,0.05,0.55,0.9989485350074153,1
226.0,2.7846914118511767,2.0704719415296235,339.50426062838807,1.0,1.0,0.05,0.55,0.9990385204462969,1
227.0,3.9650285179824807,2.1083630730586806,342.9692891463706,1.0,1.0,0.05,0.55,0.9990670695670442,1
228.0,8.759403389165689,2.241383879380821,351.2286925355363,1.0,1.0,0.05,0.55,0.9994907592614425,1
229.0,0.4376407746617544,2.2053090172864396,351.16633331019807,1.0,1.0,0.05,0.55,0.9992481989244233,1
230.0,0.9746049304686807,2.1806949355500844,351.64093824066674,1.0,1.0,0.05,0.55,0.9991470200014932,1
231.0,2.0837367971034486,2.178755772781152,353.22467503777017,1.0,1.0,0.05,0.55,0.9990641831399364,1
232.0,1.0535634375953915,2.1562519260774367,353.7782384753656,1.0,1.0,0.05,0.55,0.9989054008084294,1
233.0,7.642492692591766,2.265976741407723,360.9207311679573,1.0,1.0,0.05,0.55,0.999198655326186,1
234.0,0.5101718190155092,2.230860642959879,360.93090298697285,1.0,1.0,0.05,0.55,0.9989225960414787,1
235.0,1.2876118553862195,2.211995667208406,361.7185148423591,1.0,1.0,0.05,0.55,0.9988900694901229,1
236.0,2.1622142848807955,2.2110000395618536,363.38072912723993,1.0,1.0,0.05,0.55,0.9987201572762007,1
237.0,3.4330576906422268,2.235441192583461,366.3137868178821,1.0,1.0,0.05,0.55,0.998682778436449,1
238.0,5.047603121509554,2.291684431161983,370.8613899393917,1.0,1.0,0.05,0.55,0.9987749040900519,1
239.0,2.8162127219919393,2.3021749969785814,373.1776026613836,1.0,1.0,0.05,0.55,0.9986992216130438,1
240.0,0.4403545250353489,2.2649385875397168,373.1179571864189,1.0,1.0,0.05,0.55,0.9988008965828613,1
241.0,0.5774142811743009,2.2311881014124086,373.1953714675932,1.0,1.0,0.05,0.55,0.9991801662298482,1
242.0,1.0126229145895584,2.206816797675952,373.70799438218273,1.0,1.0,0.05,0.55,0.9994371748263261,1
243.0,0.3761834374052199,2.170204130470537,373.584177819588,1.0,1.0,0.05,0.55,0.9992832101048393,1
244.0,3.302296230905233,2.1928459724792315,376.3864740504932,1.0,1.0,0.05,0.55,0.999327283734083,1
245.0,1.1622901457641173,2.1722348559449287,377.04876419625737,1.0,1.0,0.05,0.55,0.9993441663247837,1
246.0,0.124147592155346,2.1312731106691376,376.6729117884127,1.0,1.0,0.05,0.55,0.9994491019223422,1
247.0,4.829695539885113,2.185241559253457,381.00260732829776,1.0,1.0,0.05,0.55,0.9996167690601503,1
248.0,0.16721482359207032,2.1448810245402288,380.66982215188983,1.0,1.0,0.05,0.55,0.9994730857863955,1
249.0,0.4960591895598011,2.1119045878406206,380.6658813414497,1.0,1.0,0.05,0.55,0.9994679659750189,1
