t,nis,ewma,cusum,alarm,safe_mode,vo_trust,lambda_eff
0.000000000000000000e+00,7.820283005166060730e-02,7.820283005166060730e-02,0.000000000000000000e+00,0.000000000000000000e+00,0.000000000000000000e+00,1.000000000000000000e+00,2.000000000000000111e-01
1.000000000000000000e+00,1.821780640644979021e+00,1.130743862635269770e-01,1.321780640644979021e+00,0.000000000000000000e+00,0.000000000000000000e+00,1.000000000000000000e+00,2.000000000000000111e-01
2.000000000000000000e+00,2.115208488781280316e+00,1.531170683138820543e-01,2.936989129426259559e+00,0.000000000000000000e+00,0.000000000000000000e+00,1.000000000000000000e+00,2.000000000000000111e-01
3.000000000000000000e+00,2.260889679225064897e-01,1.545765063060545452e-01,2.663078097348765994e+00,0.000000000000000000e+00,0.000000000000000000e+00,1.000000000000000000e+00,2.000000000000000111e-01
4.000000000000000000e+00,9.572494520056984424e-01,1.706299652200474193e-01,3.120327549354464658e+00,0.000000000000000000e+00,0.000000000000000000e+00,1.000000000000000000e+00,2.000000000000000111e-01
5.000000000000000000e+00,6.075812481097574214e+00,2.887336155375979097e-01,8.696140030452038872e+00,0.000000000000000000e+00,0.000000000000000000e+00,1.000000000000000000e+00,2.000000000000000111e-01
6.000000000000000000e+00,7.317658366408180903e+00,4.293121105550095629e-01,1.551379839686022066e+01,0.000000000000000000e+00,0.000000000000000000e+00,1.000000000000000000e+00,2.000000000000000111e-01
7.000000000000000000e+00,4.683472018816924987e+00,5.143953087202478569e-01,1.969727041567714565e+01,0.000000000000000000e+00,0.000000000000000000e+00,1.000000000000000000e+00,2.000000000000000111e-01
8.000000000000000000e+00,3.989761108619783947e+00,5.839026247182385054e-01,2.318703152429693048e+01,0.000000000000000000e+00,0.000000000000000000e+00,1.000000000000000000e+00,2.000000000000000111e-01
9.000000000000000000e+00,3.839429603523139445e+00,6.490131642943364199e-01,2.652646112782007037e+01,0.000000000000000000e+00,0.000000000000000000e+00,1.000000000000000000e+00,2.000000000000000111e-01
1.000000000000000000e+01,1.950772972947746986e+00,6.750483604674045734e-01,2.797723410076781647e+01,0.000000000000000000e+00,0.000000000000000000e+00,1.000000000000000000e+00,2.000000000000000111e-01
1.100000000000000000e+01,5.206534009872743063e-02,6.625887000600310106e-01,2.752929944086654501e+01,0.000000000000000000e+00,0.000000000000000000e+00,1.000000000000000000e+00,2.000000000000000111e-01
1.200000000000000000e+01,2.330729712158274014e-01,6.539983854831469268e-01,2.726237241208237094e+01,0.000000000000000000e+00,0.000000000000000000e+00,1.000000000000000000e+00,2.000000000000000111e-01
1.300000000000000000e+01,1.405009183350707236e+00,6.690186014404981840e-01,2.816738159543307773e+01,0.000000000000000000e+00,0.000000000000000000e+00,1.000000000000000000e+00,2.000000000000000111e-01
1.400000000000000000e+01,1.712872058126476915e+00,6.898956705742177453e-01,2.938025365355955643e+01,0.000000000000000000e+00,0.000000000000000000e+00,1.000000000000000000e+00,2.000000000000000111e-01
1.500000000000000000e+01,1.047816218168255986e-01,6.781933895990698291e-01,2.898503527537638291e+01,0.000000000000000000e+00,0.000000000000000000e+00,1.000000000000000000e+00,2.000000000000000111e-01
1.600000000000000000e+01,1.171359359538800771e+00,6.880567089978644191e-01,2.965639463491518413e+01,0.000000000000000000e+00,0.000000000000000000e+00,1.000000000000000000e+00,2.000000000000000111e-01
1.700000000000000000e+01,1.928006605547343821e-01,6.781515880290017728e-01,2.934919529546991868e+01,0.000000000000000000e+00,0.000000000000000000e+00,1.000000000000000000e+00,2.000000000000000111e-01
1.800000000000000000e+01,3.377877835104141191e+00,7.321461129705045812e-01,3.222707313057406253e+01,0.000000000000000000e+00,0.000000000000000000e+00,1.000000000000000000e+00,2.000000000000000111e-01
1.900000000000000000e+01,4.051718763185937489e-01,7.256066282374663556e-01,3.213224500689265284e+01,0.000000000000000000e+00,0.000000000000000000e+00,1.000000000000000000e+00,2.000000000000000111e-01
2.000000000000000000e+01,2.128728795417319741e+00,7.536690715810633323e-01,3.376097380230996947e+01,0.000000000000000000e+00,0.000000000000000000e+00,1.000000000000000000e+00,2.000000000000000111e-01
2.100000000000000000e+01,6.386497651036719958e+00,8.663256431701764626e-01,3.964747145334668943e+01,0.000000000000000000e+00,0.000000000000000000e+00,1.000000000000000000e+00,2.000000000000000111e-01
2.200000000000000000e+01,1.787729123128794395e+00,8.847537127693487768e-01,4.093520057647548072e+01,0.000000000000000000e+00,0.000000000000000000e+00,1.000000000000000000e+00,2.000000000000000111e-01
2.300000000000000000e+01,7.024197606676800543e-02,8.684634780352972205e-01,4.050544255254224879e+01,0.000000000000000000e+00,0.000000000000000000e+00,1.000000000000000000e+00,2.000000000000000111e-01
2.400000000000000000e+01,3.378367371874756997e-01,8.578509432183407668e-01,4.034327928972972188e+01,0.000000000000000000e+00,0.000000000000000000e+00,1.000000000000000000e+00,2.000000000000000111e-01
2.500000000000000000e+01,7.592943388220431800e+00,9.925527921183825431e-01,4.743622267795015546e+01,0.000000000000000000e+00,0.000000000000000000e+00,1.000000000000000000e+00,2.000000000000000111e-01
2.600000000000000000e+01,3.012217611994060018e+00,1.032946088515896088e+00,4.994844028994421592e+01,0.000000000000000000e+00,0.000000000000000000e+00,1.000000000000000000e+00,2.000000000000000111e-01
2.700000000000000000e+01,2.787860046542097958e+00,1.068044367676420192e+00,5.223630033648631610e+01,0.000000000000000000e+00,0.000000000000000000e+00,1.000000000000000000e+00,2.000000000000000111e-01
2.800000000000000000e+01,2.445640104954474481e+00,1.095596282421981149e+00,5.418194044144078703e+01,0.000000000000000000e+00,0.000000000000000000e+00,1.000000000000000000e+00,2.000000000000000111e-01
2.900000000000000000e+01,2.581629749136566954e+00,1.125316951756272887e+00,5.626357019057735442e+01,0.000000000000000000e+00,0.000000000000000000e+00,1.000000000000000000e+00,2.000000000000000111e-01
3.000000000000000000e+01,3.875907884694302918e+00,1.180328770415033590e+00,5.963947807527165423e+01,0.000000000000000000e+00,0.000000000000000000e+00,1.000000000000000000e+00,2.000000000000000111e-01
3.100000000000000000e+01,1.697771703014688605e+00,1.190677629067026455e+00,6.083724977828634195e+01,0.000000000000000000e+00,0.000000000000000000e+00,1.000000000000000000e+00,2.000000000000000111e-01
3.200000000000000000e+01,2.305333712293610449e-01,1.171474743910273064e+00,6.056778314951570508e+01,0.000000000000000000e+00,0.000000000000000000e+00,1.000000000000000000e+00,2.000000000000000111e-01
3.300000000000000000e+01,6.907048245531229869e-01,1.161859345523130083e+00,6.075848797406882795e+01,0.000000000000000000e+00,0.000000000000000000e+00,1.000000000000000000e+00,2.000000000000000111e-01
3.400000000000000000e+01,7.512152001528427103e-01,1.153646462615724344e+00,6.100970317422167000e+01,0.000000000000000000e+00,0.000000000000000000e+00,1.000000000000000000e+00,2.000000000000000111e-01
3.500000000000000000e+01,1.804240391665675514e+00,1.166658341196723514e+00,6.231394356588734240e+01,0.000000000000000000e+00,0.000000000000000000e+00,1.000000000000000000e+00,2.000000000000000111e-01
3.600000000000000000e+01,6.031002476355931563e+00,1.263945223899907599e+00,6.784494604224327929e+01,0.000000000000000000e+00,0.000000000000000000e+00,1.000000000000000000e+00,2.000000000000000111e-01
3.700000000000000000e+01,2.442240475730648619e+00,1.287511128936522420e+00,6.978718651797392170e+01,0.000000000000000000e+00,0.000000000000000000e+00,1.000000000000000000e+00,2.000000000000000111e-01
3.800000000000000000e+01,1.267649256107419298e+00,1.287113891479940264e+00,7.055483577408134011e+01,0.000000000000000000e+00,0.000000000000000000e+00,1.000000000000000000e+00,2.000000000000000111e-01
3.900000000000000000e+01,2.339654419699677135e+00,1.308164702044334993e+00,7.239449019378102435e+01,0.000000000000000000e+00,0.000000000000000000e+00,1.000000000000000000e+00,2.000000000000000111e-01
4.000000000000000000e+01,4.531276568763816570e+00,1.372626939378724709e+00,7.642576676254483914e+01,0.000000000000000000e+00,0.000000000000000000e+00,1.000000000000000000e+00,2.000000000000000111e-01
4.100000000000000000e+01,1.186600744490444947e+00,1.368906415480958927e+00,7.711236750703528742e+01,0.000000000000000000e+00,0.000000000000000000e+00,1.000000000000000000e+00,2.000000000000000111e-01
4.200000000000000000e+01,2.369738207162810362e+00,1.388923051314595813e+00,7.898210571419809867e+01,0.000000000000000000e+00,0.000000000000000000e+00,1.000000000000000000e+00,2.000000000000000111e-01
4.300000000000000000e+01,9.127250849610666350e-01,1.379399091987525194e+00,7.939483079915916619e+01,0.000000000000000000e+00,0.000000000000000000e+00,1.000000000000000000e+00,2.000000000000000111e-01
4.400000000000000000e+01,1.018029594741727495e+00,1.372171702042609409e+00,7.991286039390089968e+01,0.000000000000000000e+00,0.000000000000000000e+00,1.000000000000000000e+00,2.000000000000000111e-01
4.500000000000000000e+01,8.938766287866628524e-01,1.362605800577490367e+00,8.030673702268755676e+01,0.000000000000000000e+00,0.000000000000000000e+00,1.000000000000000000e+00,2.000000000000000111e-01
4.600000000000000000e+01,8.887777612146456896e-01,1.353129239790233473e+00,8.069551478390219756e+01,0.000000000000000000e+00,0.000000000000000000e+00,1.000000000000000000e+00,2.000000000000000111e-01
4.700000000000000000e+01,5.747671554720868770e+00,1.441020086088846242e+00,8.594318633862306456e+01,0.000000000000000000e+00,0.000000000000000000e+00,1.000000000000000000e+00,2.000000000000000111e-01
4.800000000000000000e+01,6.499382969493883166e-01,1.425198450306057074e+00,8.609312463557245110e+01,0.000000000000000000e+00,0.000000000000000000e+00,1.000000000000000000e+00,2.000000000000000111e-01
4.900000000000000000e+01,2.396357766253291999e+00,1.444621636625001759e+00,8.798948240182573954e+01,0.000000000000000000e+00,0.000000000000000000e+00,1.000000000000000000e+00,2.000000000000000111e-01
5.000000000000000000e+01,4.519379861674000520e-01,1.424767963615849897e+00,8.794142038799313355e+01,0.000000000000000000e+00,0.000000000000000000e+00,1.000000000000000000e+00,2.000000000000000111e-01
5.100000000000000000e+01,2.093970297562189220e+00,1.438152010294776684e+00,8.953539068555532765e+01,0.000000000000000000e+00,0.000000000000000000e+00,1.000000000000000000e+00,2.000000000000000111e-01
5.200000000000000000e+01,1.733767054606336622e-01,1.412856504198093832e+00,8.920876739101596797e+01,0.000000000000000000e+00,0.000000000000000000e+00,1.000000000000000000e+00,2.000000000000000111e-01
5.300000000000000000e+01,3.056969231949614382e-02,1.385210767960521894e+00,8.873933708333547088e+01,0.000000000000000000e+00,0.000000000000000000e+00,1.000000000000000000e+00,2.000000000000000111e-01
5.400000000000000000e+01,6.899900829084388842e-01,1.371306354259480331e+00,8.892932716624390821e+01,0.000000000000000000e+00,0.000000000000000000e+00,1.000000000000000000e+00,2.000000000000000111e-01
5.500000000000000000e+01,2.040688982392218964e+00,1.384694006822134948e+00,9.047001614863613383e+01,0.000000000000000000e+00,0.000000000000000000e+00,1.000000000000000000e+00,2.000000000000000111e-01
5.600000000000000000e+01,1.965711192347598280e+00,1.396314350532644077e+00,9.193572734098373189e+01,0.000000000000000000e+00,0.000000000000000000e+00,1.000000000000000000e+00,2.000000000000000111e-01
5.700000000000000000e+01,6.470333081844098500e-02,1.369682130138359932e+00,9.150043067180217804e+01,0.000000000000000000e+00,0.000000000000000000e+00,1.000000000000000000e+00,2.000000000000000111e-01
5.800000000000000000e+01,2.331311637067207954e-01,1.346951110809727181e+00,9.123356183550889398e+01,0.000000000000000000e+00,0.000000000000000000e+00,1.000000000000000000e+00,2.000000000000000111e-01
5.900000000000000000e+01,7.738907402585025075e+00,1.474790236645233232e+00,9.847246923809392172e+01,0.000000000000000000e+00,0.000000000000000000e+00,1.000000000000000000e+00,2.000000000000000111e-01
6.000000000000000000e+01,1.818337613992812019e-01,1.448931107140314367e+00,9.815430299949319704e+01,0.000000000000000000e+00,0.000000000000000000e+00,1.000000000000000000e+00,2.000000000000000111e-01
6.100000000000000000e+01,1.054025400672545798e+00,1.441032993010958885e+00,9.870832840016574039e+01,0.000000000000000000e+00,0.000000000000000000e+00,1.000000000000000000e+00,2.000000000000000111e-01
6.200000000000000000e+01,7.739239843668996865e-01,1.427690812838077639e+00,9.898225238453264296e+01,0.000000000000000000e+00,0.000000000000000000e+00,1.000000000000000000e+00,2.000000000000000111e-01
6.300000000000000000e+01,4.625921229212074937e-01,1.408388839039740326e+00,9.894484450745385118e+01,0.000000000000000000e+00,0.000000000000000000e+00,1.000000000000000000e+00,2.000000000000000111e-01
6.400000000000000000e+01,6.852275300328685148e-01,1.393925612859602925e+00,9.913007203748671259e+01,0.000000000000000000e+00,0.000000000000000000e+00,1.000000000000000000e+00,2.000000000000000111e-01
6.500000000000000000e+01,4.178157658627337234e-01,1.374403415919665639e+00,9.904788780334943965e+01,0.000000000000000000e+00,0.000000000000000000e+00,1.000000000000000000e+00,2.000000000000000111e-01
6.600000000000000000e+01,1.429253548608226509e+00,1.375500418573436745e+00,9.997714135195766971e+01,0.000000000000000000e+00,0.000000000000000000e+00,1.000000000000000000e+00,2.000000000000000111e-01
6.700000000000000000e+01,6.077075348730411886e-01,1.360144560899428701e+00,1.000848488868307129e+02,0.000000000000000000e+00,0.000000000000000000e+00,1.000000000000000000e+00,2.000000000000000111e-01
6.800000000000000000e+01,6.040474361324026376e+00,1.453751156907920450e+00,1.056253232481547428e+02,0.000000000000000000e+00,0.000000000000000000e+00,1.000000000000000000e+00,2.000000000000000111e-01
6.900000000000000000e+01,1.992431602658533696e-01,1.428660996975078978e+00,1.053245664084205941e+02,0.000000000000000000e+00,0.000000000000000000e+00,1.000000000000000000e+00,2.000000000000000111e-01
7.000000000000000000e+01,5.399925767193948234e-01,1.410887628569965191e+00,1.053645589851399933e+02,0.000000000000000000e+00,0.000000000000000000e+00,1.000000000000000000e+00,2.000000000000000111e-01
7.100000000000000000e+01,1.645627917028658627e-01,1.385961131832623261e+00,1.050291217768428567e+02,0.000000000000000000e+00,0.000000000000000000e+00,1.000000000000000000e+00,2.000000000000000111e-01
7.200000000000000000e+01,5.618994044731131510e-01,1.369479897285432957e+00,1.050910211813159663e+02,0.000000000000000000e+00,0.000000000000000000e+00,1.000000000000000000e+00,2.000000000000000111e-01
7.300000000000000000e+01,6.797113434821890010e+00,1.478032568036162120e+00,1.113881346161378616e+02,0.000000000000000000e+00,0.000000000000000000e+00,1.000000000000000000e+00,2.000000000000000111e-01
7.400000000000000000e+01,3.619667605882089245e-01,1.455711251887203073e+00,1.112501013767260645e+02,0.000000000000000000e+00,0.000000000000000000e+00,1.000000000000000000e+00,2.000000000000000111e-01
7.500000000000000000e+01,3.126115508274415866e+00,1.489119337014947364e+00,1.138762168850004741e+02,0.000000000000000000e+00,0.000000000000000000e+00,1.000000000000000000e+00,2.000000000000000111e-01
7.600000000000000000e+01,1.655488514630273800e+00,1.492446720567254026e+00,1.150317053996307521e+02,0.000000000000000000e+00,0.000000000000000000e+00,1.000000000000000000e+00,2.000000000000000111e-01
7.700000000000000000e+01,4.630995234492339407e-01,1.471859776624893534e+00,1.149948049230799825e+02,0.000000000000000000e+00,0.000000000000000000e+00,1.000000000000000000e+00,2.000000000000000111e-01
7.800000000000000000e+01,1.933904945119825358e+00,1.481100679994792113e+00,1.164287098681998032e+02,1.000000000000000000e+00,1.000000000000000000e+00,5.000000000000000278e-02,5.500000000000000444e-01
7.900000000000000000e+01,7.231729513484363991e-02,1.452925012297592966e+00,1.160010271633346406e+02,1.000000000000000000e+00,1.000000000000000000e+00,5.000000000000000278e-02,5.500000000000000444e-01
8.000000000000000000e+01,4.173776028389286630e-01,1.432214064108419782e+00,1.159184047661735661e+02,1.000000000000000000e+00,1.000000000000000000e+00,5.000000000000000278e-02,5.500000000000000444e-01
8.100000000000000000e+01,4.476104043165209934e-01,1.412521990912581904e+00,1.158660151704900869e+02,1.000000000000000000e+00,1.000000000000000000e+00,5.000000000000000278e-02,5.500000000000000444e-01
8.200000000000000000e+01,8.274877526147865758e-01,1.400821306146625922e+00,1.161935029231048730e+02,1.000000000000000000e+00,1.000000000000000000e+00,5.000000000000000278e-02,5.500000000000000444e-01
8.300000000000000000e+01,2.436762307253903970e+00,1.421540126168771456e+00,1.181302652303587735e+02,1.000000000000000000e+00,1.000000000000000000e+00,5.000000000000000278e-02,5.500000000000000444e-01
8.400000000000000000e+01,1.162039615744443699e+00,1.416350115960284928e+00,1.187923048461032209e+02,1.000000000000000000e+00,1.000000000000000000e+00,5.000000000000000278e-02,5.500000000000000444e-01
8.500000000000000000e+01,3.860428460487215219e+00,1.465231682850823614e+00,1.221527333065904344e+02,1.000000000000000000e+00,1.000000000000000000e+00,5.000000000000000278e-02,5.500000000000000444e-01
8.600000000000000000e+01,3.408864901791426594e-02,1.436608822174165523e+00,1.216868219556083517e+02,1.000000000000000000e+00,1.000000000000000000e+00,5.000000000000000278e-02,5.500000000000000444e-01
8.700000000000000000e+01,1.180903887144308939e+00,1.431494723473568431e+00,1.223677258427526624e+02,1.000000000000000000e+00,1.000000000000000000e+00,5.000000000000000278e-02,5.500000000000000444e-01
8.800000000000000000e+01,2.242760886387025643e+00,1.447720046731837629e+00,1.241104867291396943e+02,1.000000000000000000e+00,1.000000000000000000e+00,5.000000000000000278e-02,5.500000000000000444e-01
8.900000000000000000e+01,2.634378757793949255e+00,1.471453220953079954e+00,1.262448654869336480e+02,1.000000000000000000e+00,1.000000000000000000e+00,5.000000000000000278e-02,5.500000000000000444e-01
9.000000000000000000e+01,1.226278069162175743e+00,1.466549717917261964e+00,1.269711435560958250e+02,1.000000000000000000e+00,1.000000000000000000e+00,5.000000000000000278e-02,5.500000000000000444e-01
9.100000000000000000e+01,6.415839234395066815e-02,1.438501891405795652e+00,1.265353019484397805e+02,1.000000000000000000e+00,1.000000000000000000e+00,5.000000000000000278e-02,5.500000000000000444e-01
9.200000000000000000e+01,8.173737063143982073e-01,1.426079327703967614e+00,1.268526756547541794e+02,1.000000000000000000e+00,1.000000000000000000e+00,5.000000000000000278e-02,5.500000000000000444e-01
9.300000000000000000e+01,6.355560972441480772e-01,1.410268863094771286e+00,1.269882317519983275e+02,1.000000000000000000e+00,1.000000000000000000e+00,5.000000000000000278e-02,5.500000000000000444e-01
9.400000000000000000e+01,1.181759575956087494e+00,1.405698677351997494e+00,1.276699913279544205e+02,1.000000000000000000e+00,1.000000000000000000e+00,5.000000000000000278e-02,5.500000000000000444e-01
9.500000000000000000e+01,3.474255215764472382e+00,1.447069808120247103e+00,1.306442465437189071e+02,1.000000000000000000e+00,1.000000000000000000e+00,5.000000000000000278e-02,5.500000000000000444e-01
9.600000000000000000e+01,1.533829469494897291e+00,1.448805001347740040e+00,1.316780760132137971e+02,1.000000000000000000e+00,1.000000000000000000e+00,5.000000000000000278e-02,5.500000000000000444e-01
9.700000000000000000e+01,4.764925517061546323e+00,1.515127411662016144e+00,1.359430015302753532e+02,1.000000000000000000e+00,1.000000000000000000e+00,5.000000000000000278e-02,5.500000000000000444e-01
9.800000000000000000e+01,8.325858218146693357e-01,1.501476579865069105e+00,1.362755873520900138e+02,1.000000000000000000e+00,1.000000000000000000e+00,5.000000000000000278e-02,5.500000000000000444e-01
9.900000000000000000e+01,3.875292923593625982e+00,1.548952906739640145e+00,1.396508802756836474e+02,1.000000000000000000e+00,1.000000000000000000e+00,5.000000000000000278e-02,5.500000000000000444e-01
1.000000000000000000e+02,1.396208925374328391e+00,1.545898027112333928e+00,1.405470892010579860e+02,1.000000000000000000e+00,1.000000000000000000e+00,5.000000000000000278e-02,5.500000000000000444e-01
1.010000000000000000e+02,2.926544484396255807e+00,1.573510956258012294e+00,1.429736336854542458e+02,1.000000000000000000e+00,1.000000000000000000e+00,5.000000000000000278e-02,5.500000000000000444e-01
1.020000000000000000e+02,5.222160208682881111e-01,1.552485057550217817e+00,1.429958497063225309e+02,1.000000000000000000e+00,1.000000000000000000e+00,5.000000000000000278e-02,5.500000000000000444e-01
1.030000000000000000e+02,1.104292207534044445e-01,1.523643940814281450e+00,1.426062789270759481e+02,1.000000000000000000e+00,1.000000000000000000e+00,5.000000000000000278e-02,5.500000000000000444e-01
1.040000000000000000e+02,3.430887936998078258e-01,1.500032837871992042e+00,1.424493677207757685e+02,1.000000000000000000e+00,1.000000000000000000e+00,5.000000000000000278e-02,5.500000000000000444e-01
1.050000000000000000e+02,5.053287888198872979e-01,1.480138756890950091e+00,1.424546965095956637e+02,1.000000000000000000e+00,1.000000000000000000e+00,5.000000000000000278e-02,5.500000000000000444e-01
1.060000000000000000e+02,2.594545285775571308e-01,1.455725072324682179e+00,1.422141510381732132e+02,1.000000000000000000e+00,1.000000000000000000e+00,5.000000000000000278e-02,5.500000000000000444e-01
1.070000000000000000e+02,2.513005413836280066e-01,1.431636581705860944e+00,1.419654515795568273e+02,1.000000000000000000e+00,1.000000000000000000e+00,5.000000000000000278e-02,5.500000000000000444e-01
1.080000000000000000e+02,1.010261989803431071e+00,1.423209089867812249e+00,1.424757135693602663e+02,1.000000000000000000e+00,1.000000000000000000e+00,5.000000000000000278e-02,5.500000000000000444e-01
1.090000000000000000e+02,7.339991304768304081e-01,1.409424890679992437e+00,1.427097126998370982e+02,1.000000000000000000e+00,1.000000000000000000e+00,5.000000000000000278e-02,5.500000000000000444e-01
1.100000000000000000e+02,1.651475054116212426e+00,1.414265893948716935e+00,1.438611877539533168e+02,1.000000000000000000e+00,1.000000000000000000e+00,5.000000000000000278e-02,5.500000000000000444e-01
1.110000000000000000e+02,6.314458604887742688e-01,1.398609493279518112e+00,1.439926336144420986e+02,1.000000000000000000e+00,1.000000000000000000e+00,5.000000000000000278e-02,5.500000000000000444e-01
1.120000000000000000e+02,7.034929639423119774e-01,1.384707162692773830e+00,1.441961265783844226e+02,1.000000000000000000e+00,1.000000000000000000e+00,5.000000000000000278e-02,5.500000000000000444e-01
1.130000000000000000e+02,5.172229049667027567e-01,1.367357477538252430e+00,1.442133494833511236e+02,1.000000000000000000e+00,1.000000000000000000e+00,5.000000000000000278e-02,5.500000000000000444e-01
1.140000000000000000e+02,5.227333635116562682e+00,1.444557000689818516e+00,1.489406831184676889e+02,1.000000000000000000e+00,1.000000000000000000e+00,5.000000000000000278e-02,5.500000000000000444e-01
1.150000000000000000e+02,3.717652061566345534e-01,1.423101164799154938e+00,1.488124483246243130e+02,1.000000000000000000e+00,1.000000000000000000e+00,5.000000000000000278e-02,5.500000000000000444e-01
1.160000000000000000e+02,5.558594252076185072e+00,1.505811026544695563e+00,1.538710425767004892e+02,1.000000000000000000e+00,1.000000000000000000e+00,5.000000000000000278e-02,5.500000000000000444e-01
1.170000000000000000e+02,1.468115619576139563e+00,1.505057118405324301e+00,1.548391581962766281e+02,1.000000000000000000e+00,1.000000000000000000e+00,5.000000000000000278e-02,5.500000000000000444e-01
1.180000000000000000e+02,2.478460724144712746e+00,1.524525190520112039e+00,1.568176189204213529e+02,1.000000000000000000e+00,1.000000000000000000e+00,5.000000000000000278e-02,5.500000000000000444e-01
1.190000000000000000e+02,5.388663093995046616e+00,1.601807948589610842e+00,1.617062820144163879e+02,1.000000000000000000e+00,1.000000000000000000e+00,5.000000000000000278e-02,5.500000000000000444e-01
1.200000000000000000e+02,1.401699154846290041e+00,1.597805772714744332e+00,1.626079811692626720e+02,1.000000000000000000e+00,1.000000000000000000e+00,5.000000000000000278e-02,5.500000000000000444e-01
1.210000000000000000e+02,7.341650752732888918e+00,1.712682672315107180e+00,1.694496319219955467e+02,1.000000000000000000e+00,1.000000000000000000e+00,5.000000000000000278e-02,5.500000000000000444e-01
1.220000000000000000e+02,3.669804152719010615e-01,1.685768627174242917e+00,1.693166123372674576e+02,1.000000000000000000e+00,1.000000000000000000e+00,5.000000000000000278e-02,5.500000000000000444e-01
1.230000000000000000e+02,2.367270488680509821e+00,1.699398664404368153e+00,1.711838828259479612e+02,1.000000000000000000e+00,1.000000000000000000e+00,5.000000000000000278e-02,5.500000000000000444e-01
1.240000000000000000e+02,1.865975237250805385e+00,1.702730195861296814e+00,1.725498580631987693e+02,1.000000000000000000e+00,1.000000000000000000e+00,5.000000000000000278e-02,5.500000000000000444e-01
1.250000000000000000e+02,1.176034188995902230e-01,1.671027660322062625e+00,1.721674614820983606e+02,1.000000000000000000e+00,1.000000000000000000e+00,5.000000000000000278e-02,5.500000000000000444e-01
1.260000000000000000e+02,6.279542378783816714e-01,1.650166191873188914e+00,1.722954157199767451e+02,1.000000000000000000e+00,1.000000000000000000e+00,5.000000000000000278e-02,5.500000000000000444e-01
1.270000000000000000e+02,2.063440495126226626e+00,1.658431677938249527e+00,1.738588562151029748e+02,1.000000000000000000e+00,1.000000000000000000e+00,5.000000000000000278e-02,5.500000000000000444e-01
1.280000000000000000e+02,4.908505414427685842e+00,1.723433152668038204e+00,1.782673616295306545e+02,1.000000000000000000e+00,1.000000000000000000e+00,5.000000000000000278e-02,5.500000000000000444e-01
1.290000000000000000e+02,2.770896562677704011e+00,1.744382420868231476e+00,1.805382581922083602e+02,1.000000000000000000e+00,1.000000000000000000e+00,5.000000000000000278e-02,5.500000000000000444e-01
1.300000000000000000e+02,1.957475558481105882e+00,1.748644283620488959e+00,1.819957337506894532e+02,1.000000000000000000e+00,1.000000000000000000e+00,5.000000000000000278e-02,5.500000000000000444e-01
1.310000000000000000e+02,1.859295522461596351e+00,1.750857308397311130e+00,1.833550292731510467e+02,1.000000000000000000e+00,1.000000000000000000e+00,5.000000000000000278e-02,5.500000000000000444e-01
1.320000000000000000e+02,2.480364326843185196e+00,1.765447448766228611e+00,1.853353935999942337e+02,1.000000000000000000e+00,1.000000000000000000e+00,5.000000000000000278e-02,5.500000000000000444e-01
1.330000000000000000e+02,6.128495361452718448e+00,1.852708407019958425e+00,1.909638889614469406e+02,1.000000000000000000e+00,1.000000000000000000e+00,5.000000000000000278e-02,5.500000000000000444e-01
1.340000000000000000e+02,8.171321533435244033e-01,1.831996881946429623e+00,1.912810211147904624e+02,1.000000000000000000e+00,1.000000000000000000e+00,5.000000000000000278e-02,5.500000000000000444e-01
1.350000000000000000e+02,2.763650894680734105e+00,1.850629962201115752e+00,1.935446720094711850e+02,1.000000000000000000e+00,1.000000000000000000e+00,5.000000000000000278e-02,5.500000000000000444e-01
1.360000000000000000e+02,4.112328615363590734e-01,1.821842020187820488e+00,1.934559048710075331e+02,1.000000000000000000e+00,1.000000000000000000e+00,5.000000000000000278e-02,5.500000000000000444e-01
1.370000000000000000e+02,2.300455319601911963e+00,1.831414286176102246e+00,1.952563601906094561e+02,1.000000000000000000e+00,1.000000000000000000e+00,5.000000000000000278e-02,5.500000000000000444e-01
1.380000000000000000e+02,7.693222711293045135e-01,1.810172445875166236e+00,1.955256824617387679e+02,1.000000000000000000e+00,1.000000000000000000e+00,5.000000000000000278e-02,5.500000000000000444e-01
1.390000000000000000e+02,3.993372153807757563e+00,1.853836440033818089e+00,1.990190546155465370e+02,1.000000000000000000e+00,1.000000000000000000e+00,5.000000000000000278e-02,5.500000000000000444e-01
1.400000000000000000e+02,6.630673707432122477e+00,1.949373185381784168e+00,2.051497283229786603e+02,1.000000000000000000e+00,1.000000000000000000e+00,5.000000000000000278e-02,5.500000000000000444e-01
1.410000000000000000e+02,2.771100532931675686e-01,1.915927922740011891e+00,2.049268383762718315e+02,1.000000000000000000e+00,1.000000000000000000e+00,5.000000000000000278e-02,5.500000000000000444e-01
1.420000000000000000e+02,2.224075818806655058e-01,1.882057515922824997e+00,2.046492459581525054e+02,1.000000000000000000e+00,1.000000000000000000e+00,5.000000000000000278e-02,5.500000000000000444e-01
1.430000000000000000e+02,3.758059338411798844e-01,1.851932484281191948e+00,2.045250518919936837e+02,1.000000000000000000e+00,1.000000000000000000e+00,5.000000000000000278e-02,5.500000000000000444e-01
1.440000000000000000e+02,1.896150075544425384e+00,1.852816836106456533e+00,2.059212019675381100e+02,1.000000000000000000e+00,1.000000000000000000e+00,5.000000000000000278e-02,5.500000000000000444e-01
1.450000000000000000e+02,1.837639274613049878e+00,1.852513284876588173e+00,2.072588412421511634e+02,1.000000000000000000e+00,1.000000000000000000e+00,5.000000000000000278e-02,5.500000000000000444e-01
1.460000000000000000e+02,9.160763754191265651e-01,1.833784546687438954e+00,2.076749176175702871e+02,1.000000000000000000e+00,1.000000000000000000e+00,5.000000000000000278e-02,5.500000000000000444e-01
1.470000000000000000e+02,8.276791526807457444e+00,1.962644686289839235e+00,2.154517091443777304e+02,1.000000000000000000e+00,1.000000000000000000e+00,5.000000000000000278e-02,5.500000000000000444e-01
1.480000000000000000e+02,8.179629965968580052e-01,1.939751052495979566e+00,2.157696721409745919e+02,1.000000000000000000e+00,1.000000000000000000e+00,5.000000000000000278e-02,5.500000000000000444e-01
1.490000000000000000e+02,2.934147694331126210e-01,1.906824326834722028e+00,2.155630869104076908e+02,1.000000000000000000e+00,1.000000000000000000e+00,5.000000000000000278e-02,5.500000000000000444e-01
1.500000000000000000e+02,5.418895839261678171e-01,1.879525631976550981e+00,2.156049764943338687e+02,1.000000000000000000e+00,1.000000000000000000e+00,5.000000000000000278e-02,5.500000000000000444e-01
1.510000000000000000e+02,3.452631156046415684e-01,1.848840381649112796e+00,2.154502396099385066e+02,1.000000000000000000e+00,1.000000000000000000e+00,5.000000000000000278e-02,5.500000000000000444e-01
1.520000000000000000e+02,2.478901296644232310e+00,1.861441599949015036e+00,2.174291409065827452e+02,1.000000000000000000e+00,1.000000000000000000e+00,5.000000000000000278e-02,5.500000000000000444e-01
1.530000000000000000e+02,4.505765049060500793e+00,1.914328068931244520e+00,2.214349059556432451e+02,1.000000000000000000e+00,1.000000000000000000e+00,5.000000000000000278e-02,5.500000000000000444e-01
1.540000000000000000e+02,1.217202735604200781e+00,1.900385562264703676e+00,2.221521086912474345e+02,1.000000000000000000e+00,1.000000000000000000e+00,5.000000000000000278e-02,5.500000000000000444e-01
1.550000000000000000e+02,1.439918830084048640e+00,1.891176227621090611e+00,2.230920275213314881e+02,1.000000000000000000e+00,1.000000000000000000e+00,5.000000000000000278e-02,5.500000000000000444e-01
1.560000000000000000e+02,1.468509434925741042e+00,1.882722891767183437e+00,2.240605369562572378e+02,1.000000000000000000e+00,1.000000000000000000e+00,5.000000000000000278e-02,5.500000000000000444e-01
1.570000000000000000e+02,1.363901625825126862e-01,1.847796237183489954e+00,2.236969271188397386e+02,1.000000000000000000e+00,1.000000000000000000e+00,5.000000000000000278e-02,5.500000000000000444e-01
1.580000000000000000e+02,1.082450054515999627e+00,1.832489313530140107e+00,2.242793771733557264e+02,1.000000000000000000e+00,1.000000000000000000e+00,5.000000000000000278e-02,5.500000000000000444e-01
1.590000000000000000e+02,1.510060597828912221e-01,1.798859648455195082e+00,2.239303832331386275e+02,1.000000000000000000e+00,1.000000000000000000e+00,5.000000000000000278e-02,5.500000000000000444e-01
1.600000000000000000e+02,4.757066729020272833e-01,1.772396588944131768e+00,2.239060899060406484e+02,1.000000000000000000e+00,1.000000000000000000e+00,5.000000000000000278e-02,5.500000000000000444e-01
1.610000000000000000e+02,1.584950599856010278e+00,1.768647669162369152e+00,2.249910405058966489e+02,1.000000000000000000e+00,1.000000000000000000e+00,5.000000000000000278e-02,5.500000000000000444e-01
1.620000000000000000e+02,4.124277243441330509e-01,1.741523270266004397e+00,2.249034682302407759e+02,1.000000000000000000e+00,1.000000000000000000e+00,5.000000000000000278e-02,5.500000000000000444e-01
1.630000000000000000e+02,1.039145748435751138e+00,1.727475719829399292e+00,2.254426139786765191e+02,1.000000000000000000e+00,1.000000000000000000e+00,5.000000000000000278e-02,5.500000000000000444e-01
1.640000000000000000e+02,4.046208199037797826e+00,1.773850369413567218e+00,2.289888221777143258e+02,1.000000000000000000e+00,1.000000000000000000e+00,5.000000000000000278e-02,5.500000000000000444e-01
1.650000000000000000e+02,1.721715602529690026e+00,1.772807674075889794e+00,2.302105377802440103e+02,1.000000000000000000e+00,1.000000000000000000e+00,5.000000000000000278e-02,5.500000000000000444e-01
1.660000000000000000e+02,4.195931067084530675e-01,1.745743382728540904e+00,2.301301308869524576e+02,1.000000000000000000e+00,1.000000000000000000e+00,5.000000000000000278e-02,5.500000000000000444e-01
1.670000000000000000e+02,7.441581913457139263e-01,1.725711678900884394e+00,2.303742890782981760e+02,1.000000000000000000e+00,1.000000000000000000e+00,5.000000000000000278e-02,5.500000000000000444e-01
1.680000000000000000e+02,6.610711299464877566e-01,1.704418867921796421e+00,2.305353602082446685e+02,1.000000000000000000e+00,1.000000000000000000e+00,5.000000000000000278e-02,5.500000000000000444e-01
1.690000000000000000e+02,1.572211032160033772e+00,1.701774711206561097e+00,2.316075712404046953e+02,1.000000000000000000e+00,1.000000000000000000e+00,5.000000000000000278e-02,5.500000000000000444e-01
1.700000000000000000e+02,1.080471291099786235e+00,1.689348642804425538e+00,2.321880425315044931e+02,1.000000000000000000e+00,1.000000000000000000e+00,5.000000000000000278e-02,5.500000000000000444e-01
1.710000000000000000e+02,1.110749212926960716e+01,1.877711512533729143e+00,2.427955346607741092e+02,1.000000000000000000e+00,1.000000000000000000e+00,5.000000000000000278e-02,5.500000000000000444e-01
1.720000000000000000e+02,5.339104863216521224e+00,1.946939379547385052e+00,2.476346395239906428e+02,1.000000000000000000e+00,1.000000000000000000e+00,5.000000000000000278e-02,5.500000000000000444e-01
1.730000000000000000e+02,5.237798009542339095e+00,2.012756552147284328e+00,2.523724375335329739e+02,1.000000000000000000e+00,1.000000000000000000e+00,5.000000000000000278e-02,5.500000000000000444e-01
1.740000000000000000e+02,1.787606365490405524e+00,2.008253548414146827e+00,2.536600438990233783e+02,1.000000000000000000e+00,1.000000000000000000e+00,5.000000000000000278e-02,5.500000000000000444e-01
1.750000000000000000e+02,1.893362501874310322e+00,2.005955727483350159e+00,2.550534064008976998e+02,1.000000000000000000e+00,1.000000000000000000e+00,5.000000000000000278e-02,5.500000000000000444e-01
1.760000000000000000e+02,4.711969497168156273e+00,2.060076002877046175e+00,2.592653758980658836e+02,1.000000000000000000e+00,1.000000000000000000e+00,5.000000000000000278e-02,5.500000000000000444e-01
1.770000000000000000e+02,4.416234942240500061e+00,2.107199181664315191e+00,2.631816108403064050e+02,1.000000000000000000e+00,1.000000000000000000e+00,5.000000000000000278e-02,5.500000000000000444e-01
1.780000000000000000e+02,1.422005681489189932e+00,2.093495311660812597e+00,2.641036165217955727e+02,1.000000000000000000e+00,1.000000000000000000e+00,5.000000000000000278e-02,5.500000000000000444e-01
1.790000000000000000e+02,1.290473178267712351e+00,2.077434868992950712e+00,2.648940897000632617e+02,1.000000000000000000e+00,1.000000000000000000e+00,5.000000000000000278e-02,5.500000000000000444e-01
1.800000000000000000e+02,8.977191358538582078e-01,2.053840554330168988e+00,2.652918088359170952e+02,1.000000000000000000e+00,1.000000000000000000e+00,5.000000000000000278e-02,5.500000000000000444e-01
1.810000000000000000e+02,1.466295905440325953e+00,2.042089661352371799e+00,2.662581047413574424e+02,1.000000000000000000e+00,1.000000000000000000e+00,5.000000000000000278e-02,5.500000000000000444e-01
1.820000000000000000e+02,3.570620270355480574e+00,2.072660273532433983e+00,2.693287250117129474e+02,1.000000000000000000e+00,1.000000000000000000e+00,5.000000000000000278e-02,5.500000000000000444e-01
1.830000000000000000e+02,1.794198739304263102e+00,2.067091042847870597e+00,2.706229237510171970e+02,1.000000000000000000e+00,1.000000000000000000e+00,5.000000000000000278e-02,5.500000000000000444e-01
1.840000000000000000e+02,1.958041989779134351e+00,2.064910061786495721e+00,2.720809657407963300e+02,1.000000000000000000e+00,1.000000000000000000e+00,5.000000000000000278e-02,5.500000000000000444e-01
1.850000000000000000e+02,5.130610014856050727e-01,2.033873080580477666e+00,2.720940267422819261e+02,1.000000000000000000e+00,1.000000000000000000e+00,5.000000000000000278e-02,5.500000000000000444e-01
1.860000000000000000e+02,9.148631973678580387e-01,2.011492882916225078e+00,2.725088899396498050e+02,1.000000000000000000e+00,1.000000000000000000e+00,5.000000000000000278e-02,5.500000000000000444e-01
1.870000000000000000e+02,5.389681938838301045e-01,1.982042389135577176e+00,2.725478581335336230e+02,1.000000000000000000e+00,1.000000000000000000e+00,5.000000000000000278e-02,5.500000000000000444e-01
1.880000000000000000e+02,4.010619142149172589e+00,2.022613924195848956e+00,2.760584772756827761e+02,1.000000000000000000e+00,1.000000000000000000e+00,5.000000000000000278e-02,5.500000000000000444e-01
1.890000000000000000e+02,4.104657551637259871e+00,2.064254796744677378e+00,2.796631348273200501e+02,1.000000000000000000e+00,1.000000000000000000e+00,5.000000000000000278e-02,5.500000000000000444e-01
1.900000000000000000e+02,1.065078581454839135e-01,2.025099857972693318e+00,2.792696426854655556e+02,1.000000000000000000e+00,1.000000000000000000e+00,5.000000000000000278e-02,5.500000000000000444e-01
1.910000000000000000e+02,3.747569995035250123e+00,2.059549260713944729e+00,2.825172126805007906e+02,1.000000000000000000e+00,1.000000000000000000e+00,5.000000000000000278e-02,5.500000000000000444e-01
1.920000000000000000e+02,4.279845770524151050e+00,2.103955190910149042e+00,2.862970584510249523e+02,1.000000000000000000e+00,1.000000000000000000e+00,5.000000000000000278e-02,5.500000000000000444e-01
1.930000000000000000e+02,4.581265276958013111e-01,2.071038617645862168e+00,2.862551849787207630e+02,1.000000000000000000e+00,1.000000000000000000e+00,5.000000000000000278e-02,5.500000000000000444e-01
1.940000000000000000e+02,5.306148576555378416e-01,2.040230142446055606e+00,2.862857998363763272e+02,1.000000000000000000e+00,1.000000000000000000e+00,5.000000000000000278e-02,5.500000000000000444e-01
1.950000000000000000e+02,4.377843985895371048e+00,2.086982419315042137e+00,2.901636438222716947e+02,1.000000000000000000e+00,1.000000000000000000e+00,5.000000000000000278e-02,5.500000000000000444e-01
1.960000000000000000e+02,5.847120480210183935e-01,2.056937011889161671e+00,2.902483558702926985e+02,1.000000000000000000e+00,1.000000000000000000e+00,5.000000000000000278e-02,5.500000000000000444e-01
1.970000000000000000e+02,1.077702857264246639e+00,2.037352328796663503e+00,2.908260587275569264e+02,1.000000000000000000e+00,1.000000000000000000e+00,5.000000000000000278e-02,5.500000000000000444e-01
1.980000000000000000e+02,3.094976355696966164e-01,2.002795234932124302e+00,2.906355563631266250e+02,1.000000000000000000e+00,1.000000000000000000e+00,5.000000000000000278e-02,5.500000000000000444e-01
1.990000000000000000e+02,4.451358020835847640e+00,2.051766490650198449e+00,2.945869143839624940e+02,1.000000000000000000e+00,1.000000000000000000e+00,5.000000000000000278e-02,5.500000000000000444e-01
2.000000000000000000e+02,5.237348230826282425e+00,2.115478125453720271e+00,2.993242626147887790e+02,1.000000000000000000e+00,1.000000000000000000e+00,5.000000000000000278e-02,5.500000000000000444e-01
2.010000000000000000e+02,2.052778378466237008e+00,2.114224130513970845e+00,3.008770409932550365e+02,1.000000000000000000e+00,1.000000000000000000e+00,5.000000000000000278e-02,5.500000000000000444e-01
2.020000000000000000e+02,1.769691182685077635e+00,2.107333471557393256e+00,3.021467321759400875e+02,1.000000000000000000e+00,1.000000000000000000e+00,5.000000000000000278e-02,5.500000000000000444e-01
2.030000000000000000e+02,4.946863749858215087e+00,2.164124077123409595e+00,3.065935959257982972e+02,1.000000000000000000e+00,1.000000000000000000e+00,5.000000000000000278e-02,5.500000000000000444e-01
2.040000000000000000e+02,4.251654424077940253e-01,2.129344904429097518e+00,3.065187613682060714e+02,1.000000000000000000e+00,1.000000000000000000e+00,5.000000000000000278e-02,5.500000000000000444e-01
2.050000000000000000e+02,2.136533741533377384e+00,2.129488681171182840e+00,3.081552951097394271e+02,1.000000000000000000e+00,1.000000000000000000e+00,5.000000000000000278e-02,5.500000000000000444e-01
2.060000000000000000e+02,6.114661176611655424e-01,2.099128229900982578e+00,3.082667612274005933e+02,1.000000000000000000e+00,1.000000000000000000e+00,5.000000000000000278e-02,5.500000000000000444e-01
2.070000000000000000e+02,7.348799020616008981e+00,2.204121645715282796e+00,3.151155602480166067e+02,1.000000000000000000e+00,1.000000000000000000e+00,5.000000000000000278e-02,5.500000000000000444e-01
2.080000000000000000e+02,1.350229750250351968e+00,2.187043807805983953e+00,3.159657899982669846e+02,1.000000000000000000e+00,1.000000000000000000e+00,5.000000000000000278e-02,5.500000000000000444e-01
2.090000000000000000e+02,1.377752910842533485e+00,2.170857989866714632e+00,3.168435429091095443e+02,1.000000000000000000e+00,1.000000000000000000e+00,5.000000000000000278e-02,5.500000000000000444e-01
2.100000000000000000e+02,2.007755942480023315e+00,2.167595948918980664e+00,3.183512988515895472e+02,1.000000000000000000e+00,1.000000000000000000e+00,5.000000000000000278e-02,5.500000000000000444e-01
2.110000000000000000e+02,1.747832317510987998e+00,2.159200676290820908e+00,3.195991311691005308e+02,1.000000000000000000e+00,1.000000000000000000e+00,5.000000000000000278e-02,5.500000000000000444e-01
2.120000000000000000e+02,3.329491715767347593e-01,2.122675646196539034e+00,3.194320803406772598e+02,1.000000000000000000e+00,1.000000000000000000e+00,5.000000000000000278e-02,5.500000000000000444e-01
2.130000000000000000e+02,2.827826958567730919e+00,2.136778672443962801e+00,3.217599072992450147e+02,1.000000000000000000e+00,1.000000000000000000e+00,5.000000000000000278e-02,5.500000000000000444e-01
2.140000000000000000e+02,1.629776687606933616e-01,2.097302652370297338e+00,3.214228849680056896e+02,1.000000000000000000e+00,1.000000000000000000e+00,5.000000000000000278e-02,5.500000000000000444e-01
2.150000000000000000e+02,5.925894992086222501e+00,2.173874499164615948e+00,3.268487799600919175e+02,1.000000000000000000e+00,1.000000000000000000e+00,5.000000000000000278e-02,5.500000000000000444e-01
2.160000000000000000e+02,2.187083806563020261e+00,2.174138685312584141e+00,3.285358637666549271e+02,1.000000000000000000e+00,1.000000000000000000e+00,5.000000000000000278e-02,5.500000000000000444e-01
2.170000000000000000e+02,6.634485931792768465e-01,2.143924883469918274e+00,3.286993123598342095e+02,1.000000000000000000e+00,1.000000000000000000e+00,5.000000000000000278e-02,5.500000000000000444e-01
2.180000000000000000e+02,1.707696033899154919e+00,2.135200306478502785e+00,3.299070083937333493e+02,1.000000000000000000e+00,1.000000000000000000e+00,5.000000000000000278e-02,5.500000000000000444e-01
2.190000000000000000e+02,1.037223766505557698e+00,2.113240775679043892e+00,3.304442321602389256e+02,1.000000000000000000e+00,1.000000000000000000e+00,5.000000000000000278e-02,5.500000000000000444e-01
2.200000000000000000e+02,4.159666794555390901e+00,2.154169296056570815e+00,3.341038989547943174e+02,1.000000000000000000e+00,1.000000000000000000e+00,5.000000000000000278e-02,5.500000000000000444e-01
2.210000000000000000e+02,2.237829076449465160e-01,2.115561568288338634e+00,3.338276818624392490e+02,1.000000000000000000e+00,1.000000000000000000e+00,5.000000000000000278e-02,5.500000000000000444e-01
2.220000000000000000e+02,7.744946554648804993e-01,2.088740230031869594e+00,3.341021765179041267e+02,1.000000000000000000e+00,1.000000000000000000e+00,5.000000000000000278e-02,5.500000000000000444e-01
2.230000000000000000e+02,1.909136595726824703e+00,2.085148157345768638e+00,3.355113131136309335e+02,1.000000000000000000e+00,1.000000000000000000e+00,5.000000000000000278e-02,5.500000000000000444e-01
2.240000000000000000e+02,2.113489251446049266e+00,2.085714979227774268e+00,3.371248023650769596e+02,1.000000000000000000e+00,1.000000000000000000e+00,5.000000000000000278e-02,5.500000000000000444e-01
2.250000000000000000e+02,5.947681992681955743e-01,2.055896043628582692e+00,3.372195705643451333e+02,1.000000000000000000e+00,1.000000000000000000e+00,5.000000000000000278e-02,5.500000000000000444e-01
2.260000000000000000e+02,2.784691351569880791e+00,2.070471949787408672e+00,3.395042619159150377e+02,1.000000000000000000e+00,1.000000000000000000e+00,5.000000000000000278e-02,5.500000000000000444e-01
2.270000000000000000e+02,3.965028380164936195e+00,2.108363078394959178e+00,3.429692902960799756e+02,1.000000000000000000e+00,1.000000000000000000e+00,5.000000000000000278e-02,5.500000000000000444e-01
2.280000000000000000e+02,8.759403180118280119e+00,2.241383880429425268e+00,3.512286934761982593e+02,1.000000000000000000e+00,1.000000000000000000e+00,5.000000000000000278e-02,5.500000000000000444e-01
2.290000000000000000e+02,4.376408266914599277e-01,2.205309019354666056e+00,3.511663343028897089e+02,1.000000000000000000e+00,1.000000000000000000e+00,5.000000000000000278e-02,5.500000000000000444e-01
2.300000000000000000e+02,9.746050262538451525e-01,2.180694939492649365e+00,3.516409393291435777e+02,1.000000000000000000e+00,1.000000000000000000e+00,5.000000000000000278e-02,5.500000000000000444e-01
2.310000000000000000e+02,2.083736603538311805e+00,2.178755772773562693e+00,3.532246759326818619e+02,1.000000000000000000e+00,1.000000000000000000e+00,5.000000000000000278e-02,5.500000000000000444e-01
2.320000000000000000e+02,1.053563187409616964e+00,2.156251921066283828e+00,3.537782391200914844e+02,1.000000000000000000e+00,1.000000000000000000e+00,5.000000000000000278e-02,5.500000000000000444e-01
2.330000000000000000e+02,7.642492449508168306e+00,2.265976731635121588e+00,3.609207315695996385e+02,1.000000000000000000e+00,1.000000000000000000e+00,5.000000000000000278e-02,5.500000000000000444e-01
2.340000000000000000e+02,5.101717335433131328e-01,2.230860631673285077e+00,3.609309033031429408e+02,1.000000000000000000e+00,1.000000000000000000e+00,5.000000000000000278e-02,5.500000000000000444e-01
2.350000000000000000e+02,1.287612004001825960e+00,2.211995659119855961e+00,3.617185153071447417e+02,1.000000000000000000e+00,1.000000000000000000e+00,5.000000000000000278e-02,5.500000000000000444e-01
2.360000000000000000e+02,2.162214388116780128e+00,2.211000033699794809e+00,3.633807296952614934e+02,1.000000000000000000e+00,1.000000000000000000e+00,5.000000000000000278e-02,5.500000000000000444e-01
2.370000000000000000e+02,3.433057810330880422e+00,2.235441189232416193e+00,3.663137875055923587e+02,1.000000000000000000e+00,1.000000000000000000e+00,5.000000000000000278e-02,5.500000000000000444e-01
2.380000000000000000e+02,5.047603606039114510e+00,2.291684437568549892e+00,3.708613911116314625e+02,1.000000000000000000e+00,1.000000000000000000e+00,5.000000000000000278e-02,5.500000000000000444e-01
2.390000000000000000e+02,2.816212840030662079e+00,2.302175005617792092e+00,3.731776039516621495e+02,1.000000000000000000e+00,1.000000000000000000e+00,5.000000000000000278e-02,5.500000000000000444e-01
2.400000000000000000e+02,4.403543898549987512e-01,2.264938593302535885e+00,3.731179583415171237e+02,1.000000000000000000e+00,1.000000000000000000e+00,5.000000000000000278e-02,5.500000000000000444e-01
2.410000000000000000e+02,5.774142431969186973e-01,2.231188106300423524e+00,3.731953725847140504e+02,1.000000000000000000e+00,1.000000000000000000e+00,5.000000000000000278e-02,5.500000000000000444e-01
2.420000000000000000e+02,1.012622792411010497e+00,2.206816800022635139e+00,3.737079953771250871e+02,1.000000000000000000e+00,1.000000000000000000e+00,5.000000000000000278e-02,5.500000000000000444e-01
2.430000000000000000e+02,3.761834881301567846e-01,2.170204133784785494e+00,3.735841788652552395e+02,1.000000000000000000e+00,1.000000000000000000e+00,5.000000000000000278e-02,5.500000000000000444e-01
2.440000000000000000e+02,3.302296300930070316e+00,2.192845977127690915e+00,3.763864751661853347e+02,1.000000000000000000e+00,1.000000000000000000e+00,5.000000000000000278e-02,5.500000000000000444e-01
2.450000000000000000e+02,1.162290072302964550e+00,2.172234859031196397e+00,3.770487652384882722e+02,1.000000000000000000e+00,1.000000000000000000e+00,5.000000000000000278e-02,5.500000000000000444e-01
2.460000000000000000e+02,1.241476441784133133e-01,2.131273114734140606e+00,3.766729128826667079e+02,1.000000000000000000e+00,1.000000000000000000e+00,5.000000000000000278e-02,5.500000000000000444e-01
2.470000000000000000e+02,4.829695097981082874e+00,2.185241554399079522e+00,3.810026079806477810e+02,1.000000000000000000e+00,1.000000000000000000e+00,5.000000000000000278e-02,5.500000000000000444e-01
2.480000000000000000e+02,1.672147685265487349e-01,2.144881018681628948e+00,3.806698227491743296e+02,1.000000000000000000e+00,1.000000000000000000e+00,5.000000000000000278e-02,5.500000000000000444e-01
2.490000000000000000e+02,4.960591753834089346e-01,2.111904581815664539e+00,3.806658819245577661e+02,1.000000000000000000e+00,1.000000000000000000e+00,5.000000000000000278e-02,5.500000000000000444e-01
